Id. Producto,year,month,Unidades,Valores_H,num_facturas,date_index,month_sin,month_cos,lag_1_units,lag_2_units,lag_3_units,lag_12_units,rolling_3_units,rolling_6_units,rolling_12_units,lag_1_value,rolling_3_value,product_encoded
178,2021,1,18.0,1721.4099999999999,4.0,24253,0.49999999999999994,0.8660254037844387,0.0,0.0,0.0,0.0,0.0,0.0,0.0,0.0,0.0,0
178,2021,2,24.0,2445.34,7.0,24254,0.8660254037844386,0.5000000000000001,18.0,0.0,0.0,0.0,0.0,0.0,0.0,1721.4099999999999,0.0,0
178,2021,3,36.0,3941.25,11.0,24255,1.0,6.123233995736766e-17,24.0,18.0,0.0,0.0,0.0,0.0,0.0,2445.34,0.0,0
178,2021,4,35.0,3446.76,9.0,24256,0.8660254037844387,-0.4999999999999998,36.0,24.0,18.0,0.0,26.0,0.0,0.0,3941.25,2702.6666666666665,0
178,2021,5,34.0,3080.25,5.0,24257,0.49999999999999994,-0.8660254037844387,35.0,36.0,24.0,0.0,31.666666666666668,0.0,0.0,3446.76,3277.7833333333333,0
178,2021,6,27.0,2887.46,5.0,24258,1.2246467991473532e-16,-1.0,34.0,35.0,36.0,0.0,35.0,0.0,0.0,3080.25,3489.42,0
178,2021,7,22.0,2146.8,9.0,24259,-0.4999999999999997,-0.8660254037844388,27.0,34.0,35.0,0.0,32.0,29.0,0.0,2887.46,3138.156666666667,0
178,2021,8,21.0,2277.8,7.0,24260,-0.8660254037844385,-0.5000000000000004,22.0,27.0,34.0,0.0,27.666666666666668,29.666666666666668,0.0,2146.8,2704.8366666666666,0
178,2021,9,50.0,5147.22,14.0,24261,-1.0,-1.8369701987210297e-16,21.0,22.0,27.0,0.0,23.333333333333332,29.166666666666668,0.0,2277.8,2437.3533333333335,0
178,2021,10,17.0,1938.38,9.0,24262,-0.8660254037844386,0.5000000000000001,50.0,21.0,22.0,0.0,31.0,31.5,0.0,5147.22,3190.6066666666666,0
178,2021,11,12.0,1147.3799999999999,4.0,24263,-0.5000000000000004,0.8660254037844384,17.0,50.0,21.0,0.0,29.333333333333332,28.5,0.0,1938.38,3121.1333333333337,0
178,2021,12,59.0,6629.13,9.0,24264,-2.4492935982947064e-16,1.0,12.0,17.0,50.0,0.0,26.333333333333332,24.833333333333332,0.0,1147.3799999999999,2744.3266666666664,0
178,2022,1,18.0,1773.8,6.0,24265,0.49999999999999994,0.8660254037844387,59.0,12.0,17.0,18.0,29.333333333333332,30.166666666666668,29.583333333333332,6629.13,3238.2966666666666,0
178,2022,2,25.0,2692.09,9.0,24266,0.8660254037844386,0.5000000000000001,18.0,59.0,12.0,24.0,29.666666666666668,29.5,29.583333333333332,1773.8,3183.4366666666665,0
178,2022,3,9.0,968.72,3.0,24267,1.0,6.123233995736766e-17,25.0,18.0,59.0,36.0,34.0,30.166666666666668,29.666666666666668,2692.09,3698.34,0
178,2022,4,18.0,1785.25,6.0,24268,0.8660254037844387,-0.4999999999999998,9.0,25.0,18.0,35.0,17.333333333333332,23.333333333333332,27.416666666666668,968.72,1811.5366666666669,0
178,2022,5,23.0,2213.61,7.0,24269,0.49999999999999994,-0.8660254037844387,18.0,9.0,25.0,34.0,17.333333333333332,23.5,26.0,1785.25,1815.3533333333335,0
178,2022,6,8.0,877.0699999999999,3.0,24270,1.2246467991473532e-16,-1.0,23.0,18.0,9.0,27.0,16.666666666666668,25.333333333333332,25.083333333333332,2213.61,1655.86,0
178,2022,7,27.0,2513.3900000000003,8.0,24271,-0.4999999999999997,-0.8660254037844388,8.0,23.0,18.0,22.0,16.333333333333332,16.833333333333332,23.5,877.0699999999999,1625.3099999999997,0
178,2022,8,56.0,5070.92,10.0,24272,-0.8660254037844385,-0.5000000000000004,27.0,8.0,23.0,21.0,19.333333333333332,18.333333333333332,23.916666666666668,2513.3900000000003,1868.0233333333333,0
178,2022,9,34.0,3390.45,6.0,24273,-1.0,-1.8369701987210297e-16,56.0,27.0,8.0,50.0,30.333333333333332,23.5,26.833333333333332,5070.92,2820.4600000000005,0
178,2022,10,32.0,3314.89,8.0,24274,-0.8660254037844386,0.5000000000000001,34.0,56.0,27.0,17.0,39.0,27.666666666666668,25.5,3390.45,3658.2533333333336,0
178,2022,11,19.0,2176.91,5.0,24275,-0.5000000000000004,0.8660254037844384,32.0,34.0,56.0,12.0,40.666666666666664,30.0,26.75,3314.89,3925.4199999999996,0
178,2022,12,0.0,0.0,0.0,24276,-2.4492935982947064e-16,1.0,19.0,32.0,34.0,59.0,28.333333333333332,29.333333333333332,27.333333333333332,2176.91,2960.75,0
178,2023,1,22.0,2669.6600000000003,5.0,24277,0.49999999999999994,0.8660254037844387,0.0,19.0,32.0,18.0,17.0,28.0,22.416666666666668,0.0,1830.5999999999997,0
178,2023,2,16.0,1682.7,3.0,24278,0.8660254037844386,0.5000000000000001,22.0,0.0,19.0,25.0,13.666666666666666,27.166666666666668,22.75,2669.6600000000003,1615.5233333333333,0
178,2023,3,17.0,1803.97,5.0,24279,1.0,6.123233995736766e-17,16.0,22.0,0.0,9.0,12.666666666666666,20.5,22.0,1682.7,1450.7866666666669,0
178,2023,4,23.0,2478.16,5.0,24280,0.8660254037844387,-0.4999999999999998,17.0,16.0,22.0,18.0,18.333333333333332,17.666666666666668,22.666666666666668,1803.97,2052.11,0
178,2023,5,24.0,2617.07,8.0,24281,0.49999999999999994,-0.8660254037844387,23.0,17.0,16.0,23.0,18.666666666666668,16.166666666666668,23.083333333333332,2478.16,1988.2766666666666,0
178,2023,6,35.0,3424.73,6.0,24282,1.2246467991473532e-16,-1.0,24.0,23.0,17.0,8.0,21.333333333333332,17.0,23.166666666666668,2617.07,2299.7333333333336,0
178,2023,7,22.0,2311.67,7.0,24283,-0.4999999999999997,-0.8660254037844388,35.0,24.0,23.0,27.0,27.333333333333332,22.833333333333332,25.416666666666668,3424.73,2839.986666666666,0
178,2023,8,10.0,866.99,6.0,24284,-0.8660254037844385,-0.5000000000000004,22.0,35.0,24.0,56.0,27.0,22.833333333333332,25.0,2311.67,2784.4900000000002,0
178,2023,9,30.0,3146.9700000000003,9.0,24285,-1.0,-1.8369701987210297e-16,10.0,22.0,35.0,34.0,22.333333333333332,21.833333333333332,21.166666666666668,866.99,2201.13,0
178,2023,10,3.0,269.64,3.0,24286,-0.8660254037844386,0.5000000000000001,30.0,10.0,22.0,32.0,20.666666666666668,24.0,20.833333333333332,3146.9700000000003,2108.5433333333335,0
178,2023,11,12.0,1391.46,3.0,24287,-0.5000000000000004,0.8660254037844384,3.0,30.0,10.0,19.0,14.333333333333334,20.666666666666668,18.416666666666668,269.64,1427.8666666666668,0
178,2023,12,26.0,2844.9300000000003,10.0,24288,-2.4492935982947064e-16,1.0,12.0,3.0,30.0,0.0,15.0,18.666666666666668,17.833333333333332,1391.46,1602.6899999999998,0
178,2024,1,9.0,1044.6100000000001,4.0,24289,0.49999999999999994,0.8660254037844387,26.0,12.0,3.0,22.0,13.666666666666666,17.166666666666668,20.0,2844.9300000000003,1502.0100000000002,0
178,2024,2,64.0,6167.72,12.0,24290,0.8660254037844386,0.5000000000000001,9.0,26.0,12.0,16.0,15.666666666666666,15.0,18.916666666666668,1044.6100000000001,1760.3333333333333,0
178,2024,3,4.0,555.65,2.0,24291,1.0,6.123233995736766e-17,64.0,9.0,26.0,17.0,33.0,24.0,22.916666666666668,6167.72,3352.42,0
178,2024,4,5.0,541.78,2.0,24292,0.8660254037844387,-0.4999999999999998,4.0,64.0,9.0,23.0,25.666666666666668,19.666666666666668,21.833333333333332,555.65,2589.326666666667,0
178,2024,5,52.0,5456.5,13.0,24293,0.49999999999999994,-0.8660254037844387,5.0,4.0,64.0,24.0,24.333333333333332,20.0,20.333333333333332,541.78,2421.716666666667,0
178,2024,6,24.0,2862.6099999999997,8.0,24294,1.2246467991473532e-16,-1.0,52.0,5.0,4.0,35.0,20.333333333333332,26.666666666666668,22.666666666666668,5456.5,2184.6433333333334,0
178,2024,7,12.0,1236.3,5.0,24295,-0.4999999999999997,-0.8660254037844388,24.0,52.0,5.0,22.0,27.0,26.333333333333332,21.75,2862.6099999999997,2953.6299999999997,0
178,2024,8,49.0,4813.599999999999,9.0,24296,-0.8660254037844385,-0.5000000000000004,12.0,24.0,52.0,10.0,29.333333333333332,26.833333333333332,20.916666666666668,1236.3,3185.1366666666668,0
178,2024,9,10.0,1055.73,2.0,24297,-1.0,-1.8369701987210297e-16,49.0,12.0,24.0,30.0,28.333333333333332,24.333333333333332,24.166666666666668,4813.599999999999,2970.836666666666,0
178,2024,10,15.0,1646.11,5.0,24298,-0.8660254037844386,0.5000000000000001,10.0,49.0,12.0,3.0,23.666666666666668,25.333333333333332,22.5,1055.73,2368.543333333333,0
178,2024,11,25.0,2633.77,6.0,24299,-0.5000000000000004,0.8660254037844384,15.0,10.0,49.0,12.0,24.666666666666668,27.0,23.5,1646.11,2505.1466666666665,0
178,2024,12,33.0,3195.01,7.0,24300,-2.4492935982947064e-16,1.0,25.0,15.0,10.0,26.0,16.666666666666668,22.5,24.583333333333332,2633.77,1778.5366666666666,0
178,2025,1,23.0,2467.51,5.0,24301,0.49999999999999994,0.8660254037844387,33.0,25.0,15.0,9.0,24.333333333333332,24.0,25.166666666666668,3195.01,2491.6299999999997,0
178,2025,2,34.0,3439.15,10.0,24302,0.8660254037844386,0.5000000000000001,23.0,33.0,25.0,64.0,27.0,25.833333333333332,26.333333333333332,2467.51,2765.4300000000003,0
178,2025,3,21.0,2276.87,8.0,24303,1.0,6.123233995736766e-17,34.0,23.0,33.0,4.0,30.0,23.333333333333332,23.833333333333332,3439.15,3033.89,0
178,2025,4,28.0,3305.38,8.0,24304,0.8660254037844387,-0.4999999999999998,21.0,34.0,23.0,5.0,26.0,25.166666666666668,25.25,2276.87,2727.8433333333337,0
178,2025,5,54.0,5311.820000000001,13.0,24305,0.49999999999999994,-0.8660254037844387,28.0,21.0,34.0,52.0,27.666666666666668,27.333333333333332,27.166666666666668,3305.38,3007.133333333333,0
178,2025,6,14.0,1588.3000000000002,4.0,24306,1.2246467991473532e-16,-1.0,54.0,28.0,21.0,24.0,34.333333333333336,32.166666666666664,27.333333333333332,5311.820000000001,3631.356666666667,0
178,2025,7,19.0,2105.5299999999997,8.0,24307,-0.4999999999999997,-0.8660254037844388,14.0,54.0,28.0,12.0,32.0,29.0,26.5,1588.3000000000002,3401.8333333333335,0
178,2025,8,11.0,1325.83,4.0,24308,-0.8660254037844385,-0.5000000000000004,19.0,14.0,54.0,49.0,29.0,28.333333333333332,27.083333333333332,2105.5299999999997,3001.8833333333337,0
178,2025,9,18.0,1977.5,5.0,24309,-1.0,-1.8369701987210297e-16,11.0,19.0,14.0,10.0,14.666666666666666,24.5,23.916666666666668,1325.83,1673.22,0
178,2025,10,16.0,1690.3600000000001,4.0,24310,-0.8660254037844386,0.5000000000000001,18.0,11.0,19.0,15.0,16.0,24.0,24.583333333333332,1977.5,1802.9533333333331,0
178,2025,11,48.0,5016.72,9.0,24311,-0.5000000000000004,0.8660254037844384,16.0,18.0,11.0,25.0,15.0,22.0,24.666666666666668,1690.3600000000001,1664.5633333333335,0
178,2025,12,17.0,2054.43,7.0,24312,-2.4492935982947064e-16,1.0,48.0,16.0,18.0,33.0,27.333333333333332,21.0,26.583333333333332,5016.72,2894.86,0
3399,2021,1,11.0,1414.8,8.0,24253,0.49999999999999994,0.8660254037844387,0.0,0.0,0.0,0.0,0.0,0.0,0.0,0.0,0.0,1
3399,2021,2,16.0,1965.3899999999999,12.0,24254,0.8660254037844386,0.5000000000000001,11.0,0.0,0.0,0.0,0.0,0.0,0.0,1414.8,0.0,1
3399,2021,3,17.0,2141.08,7.0,24255,1.0,6.123233995736766e-17,16.0,11.0,0.0,0.0,0.0,0.0,0.0,1965.3899999999999,0.0,1
3399,2021,4,7.0,899.5799999999999,5.0,24256,0.8660254037844387,-0.4999999999999998,17.0,16.0,11.0,0.0,14.666666666666666,0.0,0.0,2141.08,1840.4233333333332,1
3399,2021,5,9.0,972.47,5.0,24257,0.49999999999999994,-0.8660254037844387,7.0,17.0,16.0,0.0,13.333333333333334,0.0,0.0,899.5799999999999,1668.6833333333332,1
3399,2021,6,16.0,2309.01,8.0,24258,1.2246467991473532e-16,-1.0,9.0,7.0,17.0,0.0,11.0,0.0,0.0,972.47,1337.71,1
3399,2021,7,6.0,755.0899999999999,5.0,24259,-0.4999999999999997,-0.8660254037844388,16.0,9.0,7.0,0.0,10.666666666666666,12.666666666666666,0.0,2309.01,1393.6866666666667,1
3399,2021,8,17.0,1888.82,8.0,24260,-0.8660254037844385,-0.5000000000000004,6.0,16.0,9.0,0.0,10.333333333333334,11.833333333333334,0.0,755.0899999999999,1345.5233333333335,1
3399,2021,9,8.0,1049.57,8.0,24261,-1.0,-1.8369701987210297e-16,17.0,6.0,16.0,0.0,13.0,12.0,0.0,1888.82,1650.9733333333334,1
3399,2021,10,7.0,898.43,7.0,24262,-0.8660254037844386,0.5000000000000001,8.0,17.0,6.0,0.0,10.333333333333334,10.5,0.0,1049.57,1231.1599999999999,1
3399,2021,11,12.0,1464.29,9.0,24263,-0.5000000000000004,0.8660254037844384,7.0,8.0,17.0,0.0,10.666666666666666,10.5,0.0,898.43,1278.9399999999998,1
3399,2021,12,9.0,1259.48,7.0,24264,-2.4492935982947064e-16,1.0,12.0,7.0,8.0,0.0,9.0,11.0,0.0,1464.29,1137.43,1
3399,2022,1,8.0,1028.73,7.0,24265,0.49999999999999994,0.8660254037844387,9.0,12.0,7.0,11.0,9.333333333333334,9.833333333333334,11.25,1259.48,1207.4,1
3399,2022,2,17.0,2162.41,11.0,24266,0.8660254037844386,0.5000000000000001,8.0,9.0,12.0,16.0,9.666666666666666,10.166666666666666,11.0,1028.73,1250.8333333333333,1
3399,2022,3,21.0,2537.62,9.0,24267,1.0,6.123233995736766e-17,17.0,8.0,9.0,17.0,11.333333333333334,10.166666666666666,11.083333333333334,2162.41,1483.54,1
3399,2022,4,11.0,1472.57,9.0,24268,0.8660254037844387,-0.4999999999999998,21.0,17.0,8.0,7.0,15.333333333333334,12.333333333333334,11.416666666666666,2537.62,1909.5866666666668,1
3399,2022,5,10.0,1626.33,6.0,24269,0.49999999999999994,-0.8660254037844387,11.0,21.0,17.0,9.0,16.333333333333332,13.0,11.75,1472.57,2057.5333333333333,1
3399,2022,6,12.0,1823.84,9.0,24270,1.2246467991473532e-16,-1.0,10.0,11.0,21.0,16.0,14.0,12.666666666666666,11.833333333333334,1626.33,1878.84,1
3399,2022,7,9.0,1066.06,8.0,24271,-0.4999999999999997,-0.8660254037844388,12.0,10.0,11.0,6.0,11.0,13.166666666666666,11.5,1823.84,1640.9133333333332,1
3399,2022,8,16.0,2236.17,12.0,24272,-0.8660254037844385,-0.5000000000000004,9.0,12.0,10.0,17.0,10.333333333333334,13.333333333333334,11.75,1066.06,1505.4099999999999,1
3399,2022,9,23.0,3130.33,10.0,24273,-1.0,-1.8369701987210297e-16,16.0,9.0,12.0,8.0,12.333333333333334,13.166666666666666,11.666666666666666,2236.17,1708.6899999999998,1
3399,2022,10,9.0,1169.56,5.0,24274,-0.8660254037844386,0.5000000000000001,23.0,16.0,9.0,7.0,16.0,13.5,12.916666666666666,3130.33,2144.1866666666665,1
3399,2022,11,10.0,1428.64,6.0,24275,-0.5000000000000004,0.8660254037844384,9.0,23.0,16.0,12.0,16.0,13.166666666666666,13.083333333333334,1169.56,2178.686666666667,1
3399,2022,12,3.0,366.03,3.0,24276,-2.4492935982947064e-16,1.0,10.0,9.0,23.0,9.0,14.0,13.166666666666666,12.916666666666666,1428.64,1909.51,1
3399,2023,1,21.0,3228.33,9.0,24277,0.49999999999999994,0.8660254037844387,3.0,10.0,9.0,8.0,7.333333333333333,11.666666666666666,12.416666666666666,366.03,988.0766666666667,1
3399,2023,2,12.0,1738.3500000000001,9.0,24278,0.8660254037844386,0.5000000000000001,21.0,3.0,10.0,17.0,11.333333333333334,13.666666666666666,13.5,3228.33,1674.3333333333333,1
3399,2023,3,30.0,4089.07,9.0,24279,1.0,6.123233995736766e-17,12.0,21.0,3.0,21.0,12.0,13.0,13.083333333333334,1738.3500000000001,1777.57,1
3399,2023,4,20.0,3043.31,8.0,24280,0.8660254037844387,-0.4999999999999998,30.0,12.0,21.0,11.0,21.0,14.166666666666666,13.833333333333334,4089.07,3018.5833333333335,1
3399,2023,5,25.0,3915.88,11.0,24281,0.49999999999999994,-0.8660254037844387,20.0,30.0,12.0,10.0,20.666666666666668,16.0,14.583333333333334,3043.31,2956.91,1
3399,2023,6,13.0,2221.88,11.0,24282,1.2246467991473532e-16,-1.0,25.0,20.0,30.0,12.0,25.0,18.5,15.833333333333334,3915.88,3682.7533333333336,1
3399,2023,7,13.0,2054.25,9.0,24283,-0.4999999999999997,-0.8660254037844388,13.0,25.0,20.0,9.0,19.333333333333332,20.166666666666668,15.916666666666666,2221.88,3060.3566666666666,1
3399,2023,8,6.0,853.82,4.0,24284,-0.8660254037844385,-0.5000000000000004,13.0,13.0,25.0,16.0,17.0,18.833333333333332,16.25,2054.25,2730.67,1
3399,2023,9,11.0,1760.45,8.0,24285,-1.0,-1.8369701987210297e-16,6.0,13.0,13.0,23.0,10.666666666666666,17.833333333333332,15.416666666666666,853.82,1709.9833333333333,1
3399,2023,10,23.0,3492.92,12.0,24286,-0.8660254037844386,0.5000000000000001,11.0,6.0,13.0,9.0,10.0,14.666666666666666,14.416666666666666,1760.45,1556.1733333333334,1
3399,2023,11,2.0,310.48,1.0,24287,-0.5000000000000004,0.8660254037844384,23.0,11.0,6.0,10.0,13.333333333333334,15.166666666666666,15.583333333333334,3492.92,2035.7300000000002,1
3399,2023,12,23.0,3628.3900000000003,17.0,24288,-2.4492935982947064e-16,1.0,2.0,23.0,11.0,3.0,12.0,11.333333333333334,14.916666666666666,310.48,1854.6166666666668,1
3399,2024,1,3.0,479.81999999999994,3.0,24289,0.49999999999999994,0.8660254037844387,23.0,2.0,23.0,21.0,16.0,13.0,16.583333333333332,3628.3900000000003,2477.263333333334,1
3399,2024,2,27.0,3828.09,18.0,24290,0.8660254037844386,0.5000000000000001,3.0,23.0,2.0,12.0,9.333333333333334,11.333333333333334,15.083333333333334,479.81999999999994,1472.8966666666668,1
3399,2024,3,30.0,4434.72,13.0,24291,1.0,6.123233995736766e-17,27.0,3.0,23.0,30.0,17.666666666666668,14.833333333333334,16.333333333333332,3828.09,2645.433333333334,1
3399,2024,4,35.0,5447.889999999999,17.0,24292,0.8660254037844387,-0.4999999999999998,30.0,27.0,3.0,20.0,20.0,18.0,16.333333333333332,4434.72,2914.2100000000005,1
3399,2024,5,34.0,4880.0,16.0,24293,0.49999999999999994,-0.8660254037844387,35.0,30.0,27.0,25.0,30.666666666666668,20.0,17.583333333333332,5447.889999999999,4570.233333333334,1
3399,2024,6,27.0,3935.74,5.0,24294,1.2246467991473532e-16,-1.0,34.0,35.0,30.0,13.0,33.0,25.333333333333332,18.333333333333332,4880.0,4920.87,1
3399,2024,7,9.0,1436.65,8.0,24295,-0.4999999999999997,-0.8660254037844388,27.0,34.0,35.0,13.0,32.0,26.0,19.5,3935.74,4754.543333333332,1
3399,2024,8,30.0,4630.1,14.0,24296,-0.8660254037844385,-0.5000000000000004,9.0,27.0,34.0,6.0,23.333333333333332,27.0,19.166666666666668,1436.65,3417.463333333333,1
3399,2024,9,15.0,2299.13,9.0,24297,-1.0,-1.8369701987210297e-16,30.0,9.0,27.0,11.0,22.0,27.5,21.166666666666668,4630.1,3334.163333333334,1
3399,2024,10,7.0,1239.52,5.0,24298,-0.8660254037844386,0.5000000000000001,15.0,30.0,9.0,23.0,18.0,25.0,21.5,2299.13,2788.626666666667,1
3399,2024,11,8.0,1243.92,8.0,24299,-0.5000000000000004,0.8660254037844384,7.0,15.0,30.0,2.0,17.333333333333332,20.333333333333332,20.166666666666668,1239.52,2722.9166666666674,1
3399,2024,12,16.0,2360.77,14.0,24300,-2.4492935982947064e-16,1.0,8.0,7.0,15.0,23.0,10.0,16.0,20.666666666666668,1243.92,1594.1900000000005,1
3399,2025,1,17.0,2831.43,6.0,24301,0.49999999999999994,0.8660254037844387,16.0,8.0,7.0,3.0,10.333333333333334,14.166666666666666,20.083333333333332,2360.77,1614.736666666667,1
3399,2025,2,5.0,700.16,5.0,24302,0.8660254037844386,0.5000000000000001,17.0,16.0,8.0,27.0,13.666666666666666,15.5,21.25,2831.43,2145.3733333333334,1
3399,2025,3,28.0,4321.51,12.0,24303,1.0,6.123233995736766e-17,5.0,17.0,16.0,30.0,12.666666666666666,11.333333333333334,19.416666666666668,700.16,1964.1200000000001,1
3399,2025,4,8.0,1361.5,6.0,24304,0.8660254037844387,-0.4999999999999998,28.0,5.0,17.0,35.0,16.666666666666668,13.5,19.25,4321.51,2617.7000000000003,1
3399,2025,5,8.0,1221.49,8.0,24305,0.49999999999999994,-0.8660254037844387,8.0,28.0,5.0,34.0,13.666666666666666,13.666666666666666,17.0,1361.5,2127.7233333333334,1
3399,2025,6,12.0,1534.14,5.0,24306,1.2246467991473532e-16,-1.0,8.0,8.0,28.0,27.0,14.666666666666666,13.666666666666666,14.833333333333334,1221.49,2301.5,1
3399,2025,7,6.0,1189.55,6.0,24307,-0.4999999999999997,-0.8660254037844388,12.0,8.0,8.0,9.0,9.333333333333334,13.0,13.583333333333334,1534.14,1372.3766666666668,1
3399,2025,8,7.0,1269.49,7.0,24308,-0.8660254037844385,-0.5000000000000004,6.0,12.0,8.0,30.0,8.666666666666666,11.166666666666666,13.333333333333334,1189.55,1315.0600000000002,1
3399,2025,9,19.0,3169.52,9.0,24309,-1.0,-1.8369701987210297e-16,7.0,6.0,12.0,15.0,8.333333333333334,11.5,11.416666666666666,1269.49,1331.0600000000002,1
3399,2025,10,12.0,1694.72,9.0,24310,-0.8660254037844386,0.5000000000000001,19.0,7.0,6.0,7.0,10.666666666666666,10.0,11.75,3169.52,1876.1866666666665,1
3399,2025,11,3.0,494.2,3.0,24311,-0.5000000000000004,0.8660254037844384,12.0,19.0,7.0,8.0,12.666666666666666,10.666666666666666,12.166666666666666,1694.72,2044.5766666666666,1
3399,2025,12,10.0,1727.6399999999999,7.0,24312,-2.4492935982947064e-16,1.0,3.0,12.0,19.0,16.0,11.333333333333334,9.833333333333334,11.75,494.2,1786.1466666666665,1
3408,2021,1,745.0,44914.73,138.0,24253,0.49999999999999994,0.8660254037844387,0.0,0.0,0.0,0.0,0.0,0.0,0.0,0.0,0.0,2
3408,2021,2,916.0,56180.79,168.0,24254,0.8660254037844386,0.5000000000000001,745.0,0.0,0.0,0.0,0.0,0.0,0.0,44914.73,0.0,2
3408,2021,3,813.0,53040.04,162.0,24255,1.0,6.123233995736766e-17,916.0,745.0,0.0,0.0,0.0,0.0,0.0,56180.79,0.0,2
3408,2021,4,721.0,45305.34,133.0,24256,0.8660254037844387,-0.4999999999999998,813.0,916.0,745.0,0.0,824.6666666666666,0.0,0.0,53040.04,51378.52,2
3408,2021,5,688.0,40930.57,128.0,24257,0.49999999999999994,-0.8660254037844387,721.0,813.0,916.0,0.0,816.6666666666666,0.0,0.0,45305.34,51508.72333333333,2
3408,2021,6,696.0,42988.49,117.0,24258,1.2246467991473532e-16,-1.0,688.0,721.0,813.0,0.0,740.6666666666666,0.0,0.0,40930.57,46425.31666666667,2
3408,2021,7,829.0,50832.42,164.0,24259,-0.4999999999999997,-0.8660254037844388,696.0,688.0,721.0,0.0,701.6666666666666,763.1666666666666,0.0,42988.49,43074.799999999996,2
3408,2021,8,974.0,60528.14,175.0,24260,-0.8660254037844385,-0.5000000000000004,829.0,696.0,688.0,0.0,737.6666666666666,777.1666666666666,0.0,50832.42,44917.159999999996,2
3408,2021,9,938.0,60709.89,155.0,24261,-1.0,-1.8369701987210297e-16,974.0,829.0,696.0,0.0,833.0,786.8333333333334,0.0,60528.14,51449.68333333333,2
3408,2021,10,845.0,52073.95,148.0,24262,-0.8660254037844386,0.5000000000000001,938.0,974.0,829.0,0.0,913.6666666666666,807.6666666666666,0.0,60709.89,57356.81666666667,2
3408,2021,11,862.0,52114.45,134.0,24263,-0.5000000000000004,0.8660254037844384,845.0,938.0,974.0,0.0,919.0,828.3333333333334,0.0,52073.95,57770.659999999996,2
3408,2021,12,706.0,43080.229999999996,121.0,24264,-2.4492935982947064e-16,1.0,862.0,845.0,938.0,0.0,881.6666666666666,857.3333333333334,0.0,52114.45,54966.09666666667,2
3408,2022,1,705.0,42787.979999999996,133.0,24265,0.49999999999999994,0.8660254037844387,706.0,862.0,845.0,745.0,804.3333333333334,859.0,811.0833333333334,43080.229999999996,49089.54333333333,2
3408,2022,2,829.0,50946.77,152.0,24266,0.8660254037844386,0.5000000000000001,705.0,706.0,862.0,916.0,757.6666666666666,838.3333333333334,807.75,42787.979999999996,45994.22,2
3408,2022,3,816.0,49916.53,144.0,24267,1.0,6.123233995736766e-17,829.0,705.0,706.0,813.0,746.6666666666666,814.1666666666666,800.5,50946.77,45604.993333333325,2
3408,2022,4,892.0,53691.15,159.0,24268,0.8660254037844387,-0.4999999999999998,816.0,829.0,705.0,721.0,783.3333333333334,793.8333333333334,800.75,49916.53,47883.76,2
3408,2022,5,697.0,43614.75,127.0,24269,0.49999999999999994,-0.8660254037844387,892.0,816.0,829.0,688.0,845.6666666666666,801.6666666666666,815.0,53691.15,51518.149999999994,2
3408,2022,6,570.0,35208.83,102.0,24270,1.2246467991473532e-16,-1.0,697.0,892.0,816.0,696.0,801.6666666666666,774.1666666666666,815.75,43614.75,49074.14333333333,2
3408,2022,7,717.0,42245.11,117.0,24271,-0.4999999999999997,-0.8660254037844388,570.0,697.0,892.0,829.0,719.6666666666666,751.5,805.25,35208.83,44171.57666666667,2
3408,2022,8,736.0,44233.88,113.0,24272,-0.8660254037844385,-0.5000000000000004,717.0,570.0,697.0,974.0,661.3333333333334,753.5,795.9166666666666,42245.11,40356.23,2
3408,2022,9,754.0,45740.15,143.0,24273,-1.0,-1.8369701987210297e-16,736.0,717.0,570.0,938.0,674.3333333333334,738.0,776.0833333333334,44233.88,40562.60666666667,2
3408,2022,10,477.0,29589.11,95.0,24274,-0.8660254037844386,0.5000000000000001,754.0,736.0,717.0,845.0,735.6666666666666,727.6666666666666,760.75,45740.15,44073.04666666666,2
3408,2022,11,731.0,44190.8,127.0,24275,-0.5000000000000004,0.8660254037844384,477.0,754.0,736.0,862.0,655.6666666666666,658.5,730.0833333333334,29589.11,39854.380000000005,2
3408,2022,12,450.0,27208.809999999998,72.0,24276,-2.4492935982947064e-16,1.0,731.0,477.0,754.0,706.0,654.0,664.1666666666666,719.1666666666666,44190.8,39840.02,2
3408,2023,1,624.0,38937.81,104.0,24277,0.49999999999999994,0.8660254037844387,450.0,731.0,477.0,705.0,552.6666666666666,644.1666666666666,697.8333333333334,27208.809999999998,33662.90666666667,2
3408,2023,2,631.0,38671.37,103.0,24278,0.8660254037844386,0.5000000000000001,624.0,450.0,731.0,829.0,601.6666666666666,628.6666666666666,691.0833333333334,38937.81,36779.13999999999,2
3408,2023,3,825.0,50621.12,161.0,24279,1.0,6.123233995736766e-17,631.0,624.0,450.0,816.0,568.3333333333334,611.1666666666666,674.5833333333334,38671.37,34939.33,2
3408,2023,4,754.0,48020.06,153.0,24280,0.8660254037844387,-0.4999999999999998,825.0,631.0,624.0,892.0,693.3333333333334,623.0,675.3333333333334,50621.12,42743.43333333333,2
3408,2023,5,875.0,54142.31,157.0,24281,0.49999999999999994,-0.8660254037844387,754.0,825.0,631.0,697.0,736.6666666666666,669.1666666666666,663.8333333333334,48020.06,45770.85,2
3408,2023,6,690.0,42636.87,138.0,24282,1.2246467991473532e-16,-1.0,875.0,754.0,825.0,570.0,818.0,693.1666666666666,678.6666666666666,54142.31,50927.829999999994,2
3408,2023,7,957.0,57244.2,156.0,24283,-0.4999999999999997,-0.8660254037844388,690.0,875.0,754.0,717.0,773.0,733.1666666666666,688.6666666666666,42636.87,48266.41333333333,2
3408,2023,8,688.0,42841.95,132.0,24284,-0.8660254037844385,-0.5000000000000004,957.0,690.0,875.0,736.0,840.6666666666666,788.6666666666666,708.6666666666666,57244.2,51341.12666666667,2
3408,2023,9,601.0,37679.11,112.0,24285,-1.0,-1.8369701987210297e-16,688.0,957.0,690.0,754.0,778.3333333333334,798.1666666666666,704.6666666666666,42841.95,47574.340000000004,2
3408,2023,10,769.0,48650.2,140.0,24286,-0.8660254037844386,0.5000000000000001,601.0,688.0,957.0,477.0,748.6666666666666,760.8333333333334,691.9166666666666,37679.11,45921.753333333334,2
3408,2023,11,625.0,39486.79,104.0,24287,-0.5000000000000004,0.8660254037844384,769.0,601.0,688.0,731.0,686.0,763.3333333333334,716.25,48650.2,43057.08666666666,2
3408,2023,12,711.0,45320.08,148.0,24288,-2.4492935982947064e-16,1.0,625.0,769.0,601.0,450.0,665.0,721.6666666666666,707.4166666666666,39486.79,41938.700000000004,2
3408,2024,1,410.0,26754.1,82.0,24289,0.49999999999999994,0.8660254037844387,711.0,625.0,769.0,624.0,701.6666666666666,725.1666666666666,729.1666666666666,45320.08,44485.69,2
3408,2024,2,1211.0,73003.02,204.0,24290,0.8660254037844386,0.5000000000000001,410.0,711.0,625.0,631.0,582.0,634.0,711.3333333333334,26754.1,37186.99,2
3408,2024,3,968.0,58548.91,187.0,24291,1.0,6.123233995736766e-17,1211.0,410.0,711.0,825.0,777.3333333333334,721.1666666666666,759.6666666666666,73003.02,48359.06666666667,2
3408,2024,4,976.0,57830.52,191.0,24292,0.8660254037844387,-0.4999999999999998,968.0,1211.0,410.0,754.0,863.0,782.3333333333334,771.5833333333334,58548.91,52768.67666666667,2
3408,2024,5,1008.0,61092.770000000004,200.0,24293,0.49999999999999994,-0.8660254037844387,976.0,968.0,1211.0,875.0,1051.6666666666667,816.8333333333334,790.0833333333334,57830.52,63127.48333333334,2
3408,2024,6,841.0,50272.89,153.0,24294,1.2246467991473532e-16,-1.0,1008.0,976.0,968.0,690.0,984.0,880.6666666666666,801.1666666666666,61092.770000000004,59157.4,2
3408,2024,7,712.0,44466.11,145.0,24295,-0.4999999999999997,-0.8660254037844388,841.0,1008.0,976.0,957.0,941.6666666666666,902.3333333333334,813.75,50272.89,56398.72666666666,2
3408,2024,8,819.0,50941.02,145.0,24296,-0.8660254037844385,-0.5000000000000004,712.0,841.0,1008.0,688.0,853.6666666666666,952.6666666666666,793.3333333333334,44466.11,51943.92333333334,2
3408,2024,9,807.0,49930.12,148.0,24297,-1.0,-1.8369701987210297e-16,819.0,712.0,841.0,601.0,790.6666666666666,887.3333333333334,804.25,50941.02,48560.00666666666,2
3408,2024,10,908.0,57359.38,159.0,24298,-0.8660254037844386,0.5000000000000001,807.0,819.0,712.0,769.0,779.3333333333334,860.5,821.4166666666666,49930.12,48445.75,2
3408,2024,11,663.0,42444.94,123.0,24299,-0.5000000000000004,0.8660254037844384,908.0,807.0,819.0,625.0,844.6666666666666,849.1666666666666,833.0,57359.38,52743.50666666666,2
3408,2024,12,1111.0,68069.77,195.0,24300,-2.4492935982947064e-16,1.0,663.0,908.0,807.0,711.0,792.6666666666666,791.6666666666666,836.1666666666666,42444.94,49911.48,2
3408,2025,1,824.0,48717.82,158.0,24301,0.49999999999999994,0.8660254037844387,1111.0,663.0,908.0,410.0,894.0,836.6666666666666,869.5,68069.77,55958.030000000006,2
3408,2025,2,987.0,61241.45,191.0,24302,0.8660254037844386,0.5000000000000001,824.0,1111.0,663.0,1211.0,866.0,855.3333333333334,904.0,48717.82,53077.51,2
3408,2025,3,1024.0,66265.98,204.0,24303,1.0,6.123233995736766e-17,987.0,824.0,1111.0,968.0,974.0,883.3333333333334,885.3333333333334,61241.45,59343.013333333336,2
3408,2025,4,1002.0,63715.270000000004,206.0,24304,0.8660254037844387,-0.4999999999999998,1024.0,987.0,824.0,976.0,945.0,919.5,890.0,66265.98,58741.75,2
3408,2025,5,847.0,53618.24,177.0,24305,0.49999999999999994,-0.8660254037844387,1002.0,1024.0,987.0,1008.0,1004.3333333333334,935.1666666666666,892.1666666666666,63715.270000000004,63740.899999999994,2
3408,2025,6,788.0,48875.53,142.0,24306,1.2246467991473532e-16,-1.0,847.0,1002.0,1024.0,841.0,957.6666666666666,965.8333333333334,878.75,53618.24,61199.829999999994,2
3408,2025,7,845.0,53868.28,157.0,24307,-0.4999999999999997,-0.8660254037844388,788.0,847.0,1002.0,712.0,879.0,912.0,874.3333333333334,48875.53,55403.01333333333,2
3408,2025,8,669.0,42787.7,127.0,24308,-0.8660254037844385,-0.5000000000000004,845.0,788.0,847.0,819.0,826.6666666666666,915.5,885.4166666666666,53868.28,52120.68333333333,2
3408,2025,9,813.0,51871.14,148.0,24309,-1.0,-1.8369701987210297e-16,669.0,845.0,788.0,807.0,767.3333333333334,862.5,872.9166666666666,42787.7,48510.50333333333,2
3408,2025,10,1114.0,69511.21,210.0,24310,-0.8660254037844386,0.5000000000000001,813.0,669.0,845.0,908.0,775.6666666666666,827.3333333333334,873.4166666666666,51871.14,49509.04,2
3408,2025,11,740.0,47687.92,136.0,24311,-0.5000000000000004,0.8660254037844384,1114.0,813.0,669.0,663.0,865.3333333333334,846.0,890.5833333333334,69511.21,54723.35,2
3408,2025,12,995.0,62707.82,174.0,24312,-2.4492935982947064e-16,1.0,740.0,1114.0,813.0,1111.0,889.0,828.1666666666666,897.0,47687.92,56356.75666666665,2
4565,2021,1,546.0,50348.12,89.0,24253,0.49999999999999994,0.8660254037844387,0.0,0.0,0.0,0.0,0.0,0.0,0.0,0.0,0.0,3
4565,2021,2,575.0,55358.4,108.0,24254,0.8660254037844386,0.5000000000000001,546.0,0.0,0.0,0.0,0.0,0.0,0.0,50348.12,0.0,3
4565,2021,3,584.0,57033.93,113.0,24255,1.0,6.123233995736766e-17,575.0,546.0,0.0,0.0,0.0,0.0,0.0,55358.4,0.0,3
4565,2021,4,586.0,55073.63,101.0,24256,0.8660254037844387,-0.4999999999999998,584.0,575.0,546.0,0.0,568.3333333333334,0.0,0.0,57033.93,54246.81666666666,3
4565,2021,5,456.0,43367.48,80.0,24257,0.49999999999999994,-0.8660254037844387,586.0,584.0,575.0,0.0,581.6666666666666,0.0,0.0,55073.63,55821.98666666666,3
4565,2021,6,334.0,32728.170000000002,64.0,24258,1.2246467991473532e-16,-1.0,456.0,586.0,584.0,0.0,542.0,0.0,0.0,43367.48,51825.01333333333,3
4565,2021,7,608.0,56701.35,90.0,24259,-0.4999999999999997,-0.8660254037844388,334.0,456.0,586.0,0.0,458.6666666666667,513.5,0.0,32728.170000000002,43723.09333333332,3
4565,2021,8,633.0,62510.23,109.0,24260,-0.8660254037844385,-0.5000000000000004,608.0,334.0,456.0,0.0,466.0,523.8333333333334,0.0,56701.35,44265.66666666666,3
4565,2021,9,559.0,54476.98,104.0,24261,-1.0,-1.8369701987210297e-16,633.0,608.0,334.0,0.0,525.0,533.5,0.0,62510.23,50646.58333333332,3
4565,2021,10,488.0,48063.840000000004,90.0,24262,-0.8660254037844386,0.5000000000000001,559.0,633.0,608.0,0.0,600.0,529.3333333333334,0.0,54476.98,57896.186666666654,3
4565,2021,11,406.0,38341.65,70.0,24263,-0.5000000000000004,0.8660254037844384,488.0,559.0,633.0,0.0,560.0,513.0,0.0,48063.840000000004,55017.01666666666,3
4565,2021,12,538.0,51292.49,89.0,24264,-2.4492935982947064e-16,1.0,406.0,488.0,559.0,0.0,484.3333333333333,504.6666666666667,0.0,38341.65,46960.82333333333,3
4565,2022,1,383.0,35623.23,77.0,24265,0.49999999999999994,0.8660254037844387,538.0,406.0,488.0,546.0,477.3333333333333,538.6666666666666,526.0833333333334,51292.49,45899.32666666666,3
4565,2022,2,658.0,62367.13,123.0,24266,0.8660254037844386,0.5000000000000001,383.0,538.0,406.0,575.0,442.3333333333333,501.1666666666667,512.5,35623.23,41752.45666666666,3
4565,2022,3,443.0,43450.67,84.0,24267,1.0,6.123233995736766e-17,658.0,383.0,538.0,584.0,526.3333333333334,505.3333333333333,519.4166666666666,62367.13,49760.94999999999,3
4565,2022,4,618.0,58450.74,117.0,24268,0.8660254037844387,-0.4999999999999998,443.0,658.0,383.0,586.0,494.6666666666667,486.0,507.6666666666667,43450.67,47147.00999999999,3
4565,2022,5,409.0,38877.54,82.0,24269,0.49999999999999994,-0.8660254037844387,618.0,443.0,658.0,456.0,573.0,507.6666666666667,510.3333333333333,58450.74,54756.17999999999,3
4565,2022,6,284.0,27310.63,56.0,24270,1.2246467991473532e-16,-1.0,409.0,618.0,443.0,334.0,490.0,508.1666666666667,506.4166666666667,38877.54,46926.31666666665,3
4565,2022,7,559.0,53232.5,102.0,24271,-0.4999999999999997,-0.8660254037844388,284.0,409.0,618.0,608.0,437.0,465.8333333333333,502.25,27310.63,41546.30333333332,3
4565,2022,8,579.0,53189.57,84.0,24272,-0.8660254037844385,-0.5000000000000004,559.0,284.0,409.0,633.0,417.3333333333333,495.1666666666667,498.1666666666667,53232.5,39806.88999999999,3
4565,2022,9,500.0,48323.55,81.0,24273,-1.0,-1.8369701987210297e-16,579.0,559.0,284.0,559.0,474.0,482.0,493.6666666666667,53189.57,44577.56666666666,3
4565,2022,10,372.0,35302.97,66.0,24274,-0.8660254037844386,0.5000000000000001,500.0,579.0,559.0,488.0,546.0,491.5,488.75,48323.55,51581.87333333332,3
4565,2022,11,429.0,42256.86,79.0,24275,-0.5000000000000004,0.8660254037844384,372.0,500.0,579.0,406.0,483.6666666666667,450.5,479.0833333333333,35302.97,45605.36333333332,3
4565,2022,12,336.0,32606.55,56.0,24276,-2.4492935982947064e-16,1.0,429.0,372.0,500.0,538.0,433.6666666666667,453.8333333333333,481.0,42256.86,41961.126666666656,3
4565,2023,1,395.0,36586.64,71.0,24277,0.49999999999999994,0.8660254037844387,336.0,429.0,372.0,383.0,379.0,462.5,464.1666666666667,32606.55,36722.126666666656,3
4565,2023,2,357.0,34388.61,72.0,24278,0.8660254037844386,0.5000000000000001,395.0,336.0,429.0,658.0,386.6666666666667,435.1666666666667,465.1666666666667,36586.64,37150.016666666656,3
4565,2023,3,459.0,44922.86,100.0,24279,1.0,6.123233995736766e-17,357.0,395.0,336.0,443.0,362.6666666666667,398.1666666666667,440.0833333333333,34388.61,34527.266666666656,3
4565,2023,4,500.0,47876.67,80.0,24280,0.8660254037844387,-0.4999999999999998,459.0,357.0,395.0,618.0,403.6666666666667,391.3333333333333,441.4166666666667,44922.86,38632.703333333324,3
4565,2023,5,472.0,48245.6,86.0,24281,0.49999999999999994,-0.8660254037844387,500.0,459.0,357.0,409.0,438.6666666666667,412.6666666666667,431.5833333333333,47876.67,42396.046666666654,3
4565,2023,6,551.0,53560.59,101.0,24282,1.2246467991473532e-16,-1.0,472.0,500.0,459.0,284.0,477.0,419.8333333333333,436.8333333333333,48245.6,47015.04333333333,3
4565,2023,7,399.0,38119.86,81.0,24283,-0.4999999999999997,-0.8660254037844388,551.0,472.0,500.0,559.0,507.6666666666667,455.6666666666667,459.0833333333333,53560.59,49894.28666666665,3
4565,2023,8,459.0,44262.56,86.0,24284,-0.8660254037844385,-0.5000000000000004,399.0,551.0,472.0,579.0,474.0,456.3333333333333,445.75,38119.86,46642.016666666656,3
4565,2023,9,475.0,46042.82,80.0,24285,-1.0,-1.8369701987210297e-16,459.0,399.0,551.0,500.0,469.6666666666667,473.3333333333333,435.75,44262.56,45314.33666666665,3
4565,2023,10,411.0,40269.77,83.0,24286,-0.8660254037844386,0.5000000000000001,475.0,459.0,399.0,372.0,444.3333333333333,476.0,433.6666666666667,46042.82,42808.41333333332,3
4565,2023,11,317.0,32152.27,69.0,24287,-0.5000000000000004,0.8660254037844384,411.0,475.0,459.0,429.0,448.3333333333333,461.1666666666667,436.9166666666667,40269.77,43525.04999999999,3
4565,2023,12,464.0,45725.04,90.0,24288,-2.4492935982947064e-16,1.0,317.0,411.0,475.0,336.0,401.0,435.3333333333333,427.5833333333333,32152.27,39488.28666666666,3
4565,2024,1,378.0,36841.729999999996,70.0,24289,0.49999999999999994,0.8660254037844387,464.0,317.0,411.0,395.0,397.3333333333333,420.8333333333333,438.25,45725.04,39382.35999999999,3
4565,2024,2,806.0,74889.88,163.0,24290,0.8660254037844386,0.5000000000000001,378.0,464.0,317.0,357.0,386.3333333333333,417.3333333333333,436.8333333333333,36841.729999999996,38239.679999999986,3
4565,2024,3,892.0,85307.02,161.0,24291,1.0,6.123233995736766e-17,806.0,378.0,464.0,459.0,549.3333333333334,475.1666666666667,474.25,74889.88,52485.54999999999,3
4565,2024,4,657.0,63088.69,128.0,24292,0.8660254037844387,-0.4999999999999998,892.0,806.0,378.0,500.0,692.0,544.6666666666666,510.3333333333333,85307.02,65679.54333333332,3
4565,2024,5,776.0,73790.06999999999,149.0,24293,0.49999999999999994,-0.8660254037844387,657.0,892.0,806.0,472.0,785.0,585.6666666666666,523.4166666666666,63088.69,74428.52999999998,3
4565,2024,6,515.0,50424.299999999996,102.0,24294,1.2246467991473532e-16,-1.0,776.0,657.0,892.0,551.0,775.0,662.1666666666666,548.75,73790.06999999999,74061.92666666665,3
4565,2024,7,430.0,41502.52,84.0,24295,-0.4999999999999997,-0.8660254037844388,515.0,776.0,657.0,399.0,649.3333333333334,670.6666666666666,545.75,50424.299999999996,62434.353333333325,3
4565,2024,8,506.0,49025.88,93.0,24296,-0.8660254037844385,-0.5000000000000004,430.0,515.0,776.0,459.0,573.6666666666666,679.3333333333334,548.3333333333334,41502.52,55238.96333333332,3
4565,2024,9,517.0,50563.76,100.0,24297,-1.0,-1.8369701987210297e-16,506.0,430.0,515.0,475.0,483.6666666666667,629.3333333333334,552.25,49025.88,46984.233333333315,3
4565,2024,10,604.0,56779.19,94.0,24298,-0.8660254037844386,0.5000000000000001,517.0,506.0,430.0,411.0,484.3333333333333,566.8333333333334,555.75,50563.76,47030.719999999994,3
4565,2024,11,560.0,54792.979999999996,107.0,24299,-0.5000000000000004,0.8660254037844384,604.0,517.0,506.0,317.0,542.3333333333334,558.0,571.8333333333334,56779.19,52122.94333333332,3
4565,2024,12,521.0,50694.65,111.0,24300,-2.4492935982947064e-16,1.0,560.0,604.0,517.0,464.0,560.3333333333334,522.0,592.0833333333334,54792.979999999996,54045.30999999999,3
4565,2025,1,590.0,56454.54,111.0,24301,0.49999999999999994,0.8660254037844387,521.0,560.0,604.0,378.0,561.6666666666666,523.0,596.8333333333334,50694.65,54088.939999999995,3
4565,2025,2,654.0,62855.88,113.0,24302,0.8660254037844386,0.5000000000000001,590.0,521.0,560.0,806.0,557.0,549.6666666666666,614.5,56454.54,53980.72333333333,3
4565,2025,3,868.0,86116.5,160.0,24303,1.0,6.123233995736766e-17,654.0,590.0,521.0,892.0,588.3333333333334,574.3333333333334,601.8333333333334,62855.88,56668.35666666666,3
4565,2025,4,761.0,76199.81,159.0,24304,0.8660254037844387,-0.4999999999999998,868.0,654.0,590.0,657.0,704.0,632.8333333333334,599.8333333333334,86116.5,68475.64,3
4565,2025,5,591.0,58849.62,116.0,24305,0.49999999999999994,-0.8660254037844387,761.0,868.0,654.0,776.0,761.0,659.0,608.5,76199.81,75057.39666666665,3
4565,2025,6,806.0,77636.17,156.0,24306,1.2246467991473532e-16,-1.0,591.0,761.0,868.0,515.0,740.0,664.1666666666666,593.0833333333334,58849.62,73721.97666666665,3
4565,2025,7,528.0,52979.53,108.0,24307,-0.4999999999999997,-0.8660254037844388,806.0,591.0,761.0,430.0,719.3333333333334,711.6666666666666,617.3333333333334,77636.17,70895.2,3
4565,2025,8,417.0,41358.27,85.0,24308,-0.8660254037844385,-0.5000000000000004,528.0,806.0,591.0,506.0,641.6666666666666,701.3333333333334,625.5,52979.53,63155.10666666666,3
4565,2025,9,562.0,57522.23,104.0,24309,-1.0,-1.8369701987210297e-16,417.0,528.0,806.0,517.0,583.6666666666666,661.8333333333334,618.0833333333334,41358.27,57324.656666666655,3
4565,2025,10,823.0,80383.09,137.0,24310,-0.8660254037844386,0.5000000000000001,562.0,417.0,528.0,604.0,502.3333333333333,610.8333333333334,621.8333333333334,57522.23,50620.00999999999,3
4565,2025,11,518.0,51951.92,87.0,24311,-0.5000000000000004,0.8660254037844384,823.0,562.0,417.0,560.0,600.6666666666666,621.1666666666666,640.0833333333334,80383.09,59754.52999999999,3
4565,2025,12,563.0,56579.61,98.0,24312,-2.4492935982947064e-16,1.0,518.0,823.0,562.0,521.0,634.3333333333334,609.0,636.5833333333334,51951.92,63285.746666666666,3
4566,2021,1,1071.0,100617.29,177.0,24253,0.49999999999999994,0.8660254037844387,0.0,0.0,0.0,0.0,0.0,0.0,0.0,0.0,0.0,4
4566,2021,2,1092.0,104049.69,203.0,24254,0.8660254037844386,0.5000000000000001,1071.0,0.0,0.0,0.0,0.0,0.0,0.0,100617.29,0.0,4
4566,2021,3,1137.0,110078.75,198.0,24255,1.0,6.123233995736766e-17,1092.0,1071.0,0.0,0.0,0.0,0.0,0.0,104049.69,0.0,4
4566,2021,4,1072.0,102855.96,181.0,24256,0.8660254037844387,-0.4999999999999998,1137.0,1092.0,1071.0,0.0,1100.0,0.0,0.0,110078.75,104915.24333333333,4
4566,2021,5,903.0,86278.43000000001,164.0,24257,0.49999999999999994,-0.8660254037844387,1072.0,1137.0,1092.0,0.0,1100.3333333333333,0.0,0.0,102855.96,105661.46666666667,4
4566,2021,6,770.0,74267.19,140.0,24258,1.2246467991473532e-16,-1.0,903.0,1072.0,1137.0,0.0,1037.3333333333333,0.0,0.0,86278.43000000001,99737.71333333333,4
4566,2021,7,1230.0,117247.95,200.0,24259,-0.4999999999999997,-0.8660254037844388,770.0,903.0,1072.0,0.0,915.0,1007.5,0.0,74267.19,87800.52666666667,4
4566,2021,8,1085.0,104580.26,193.0,24260,-0.8660254037844385,-0.5000000000000004,1230.0,770.0,903.0,0.0,967.6666666666666,1034.0,0.0,117247.95,92597.85666666664,4
4566,2021,9,916.0,89701.59,170.0,24261,-1.0,-1.8369701987210297e-16,1085.0,1230.0,770.0,0.0,1028.3333333333333,1032.8333333333333,0.0,104580.26,98698.46666666666,4
4566,2021,10,1062.0,102049.76,217.0,24262,-0.8660254037844386,0.5000000000000001,916.0,1085.0,1230.0,0.0,1077.0,996.0,0.0,89701.59,103843.26666666666,4
4566,2021,11,944.0,90279.77,174.0,24263,-0.5000000000000004,0.8660254037844384,1062.0,916.0,1085.0,0.0,1021.0,994.3333333333334,0.0,102049.76,98777.20333333332,4
4566,2021,12,921.0,86755.77,145.0,24264,-2.4492935982947064e-16,1.0,944.0,1062.0,916.0,0.0,974.0,1001.1666666666666,0.0,90279.77,94010.37333333331,4
4566,2022,1,1056.0,99489.96,161.0,24265,0.49999999999999994,0.8660254037844387,921.0,944.0,1062.0,1071.0,975.6666666666666,1026.3333333333333,1016.9166666666666,86755.77,93028.43333333333,4
4566,2022,2,1259.0,117233.56,205.0,24266,0.8660254037844386,0.5000000000000001,1056.0,921.0,944.0,1092.0,973.6666666666666,997.3333333333334,1015.6666666666666,99489.96,92175.16666666667,4
4566,2022,3,1003.0,95925.38,172.0,24267,1.0,6.123233995736766e-17,1259.0,1056.0,921.0,1137.0,1078.6666666666667,1026.3333333333333,1029.5833333333333,117233.56,101159.76333333332,4
4566,2022,4,1246.0,115741.61,199.0,24268,0.8660254037844387,-0.4999999999999998,1003.0,1259.0,1056.0,1072.0,1106.0,1040.8333333333333,1018.4166666666666,95925.38,104216.29999999999,4
4566,2022,5,919.0,89406.79,174.0,24269,0.49999999999999994,-0.8660254037844387,1246.0,1003.0,1259.0,903.0,1169.3333333333333,1071.5,1032.9166666666667,115741.61,109633.51666666665,4
4566,2022,6,764.0,71931.82,119.0,24270,1.2246467991473532e-16,-1.0,919.0,1246.0,1003.0,770.0,1056.0,1067.3333333333333,1034.25,89406.79,100357.92666666665,4
4566,2022,7,1076.0,100494.89,184.0,24271,-0.4999999999999997,-0.8660254037844388,764.0,919.0,1246.0,1230.0,976.3333333333334,1041.1666666666667,1033.75,71931.82,92360.07333333332,4
4566,2022,8,933.0,88093.85,166.0,24272,-0.8660254037844385,-0.5000000000000004,1076.0,764.0,919.0,1085.0,919.6666666666666,1044.5,1020.9166666666666,100494.89,87277.83333333333,4
4566,2022,9,917.0,86490.22,164.0,24273,-1.0,-1.8369701987210297e-16,933.0,1076.0,764.0,916.0,924.3333333333334,990.1666666666666,1008.25,88093.85,86840.18666666666,4
4566,2022,10,698.0,67106.75,139.0,24274,-0.8660254037844386,0.5000000000000001,917.0,933.0,1076.0,1062.0,975.3333333333334,975.8333333333334,1008.3333333333334,86490.22,91692.98666666665,4
4566,2022,11,950.0,89154.24,171.0,24275,-0.5000000000000004,0.8660254037844384,698.0,917.0,933.0,944.0,849.3333333333334,884.5,978.0,67106.75,80563.60666666666,4
4566,2022,12,648.0,60737.13,117.0,24276,-2.4492935982947064e-16,1.0,950.0,698.0,917.0,921.0,855.0,889.6666666666666,978.5,89154.24,80917.06999999999,4
4566,2023,1,922.0,90626.42,160.0,24277,0.49999999999999994,0.8660254037844387,648.0,950.0,698.0,1056.0,765.3333333333334,870.3333333333334,955.75,60737.13,72332.70666666665,4
4566,2023,2,750.0,72152.69,143.0,24278,0.8660254037844386,0.5000000000000001,922.0,648.0,950.0,1259.0,840.0,844.6666666666666,944.5833333333334,90626.42,80172.59666666666,4
4566,2023,3,1313.0,124865.66,238.0,24279,1.0,6.123233995736766e-17,750.0,922.0,648.0,1003.0,773.3333333333334,814.1666666666666,902.1666666666666,72152.69,74505.41333333333,4
4566,2023,4,1035.0,100690.3,181.0,24280,0.8660254037844387,-0.4999999999999998,1313.0,750.0,922.0,1246.0,995.0,880.1666666666666,928.0,124865.66,95881.59000000001,4
4566,2023,5,1258.0,121602.55,213.0,24281,0.49999999999999994,-0.8660254037844387,1035.0,1313.0,750.0,919.0,1032.6666666666667,936.3333333333334,910.4166666666666,100690.3,99236.21666666666,4
4566,2023,6,1080.0,104461.57,208.0,24282,1.2246467991473532e-16,-1.0,1258.0,1035.0,1313.0,764.0,1202.0,987.6666666666666,938.6666666666666,121602.55,115719.50333333334,4
4566,2023,7,1074.0,102762.47,206.0,24283,-0.4999999999999997,-0.8660254037844388,1080.0,1258.0,1035.0,1076.0,1124.3333333333333,1059.6666666666667,965.0,104461.57,108918.14,4
4566,2023,8,1014.0,99097.94,179.0,24284,-0.8660254037844385,-0.5000000000000004,1074.0,1080.0,1258.0,933.0,1137.3333333333333,1085.0,964.8333333333334,102762.47,109608.86333333333,4
4566,2023,9,829.0,81765.27,152.0,24285,-1.0,-1.8369701987210297e-16,1014.0,1074.0,1080.0,917.0,1056.0,1129.0,971.5833333333334,99097.94,102107.32666666666,4
4566,2023,10,863.0,84562.08,182.0,24286,-0.8660254037844386,0.5000000000000001,829.0,1014.0,1074.0,698.0,972.3333333333334,1048.3333333333333,964.25,81765.27,94541.89333333333,4
4566,2023,11,725.0,70672.35,139.0,24287,-0.5000000000000004,0.8660254037844384,863.0,829.0,1014.0,950.0,902.0,1019.6666666666666,978.0,84562.08,88475.09666666666,4
4566,2023,12,924.0,89564.66,178.0,24288,-2.4492935982947064e-16,1.0,725.0,863.0,829.0,648.0,805.6666666666666,930.8333333333334,959.25,70672.35,78999.9,4
4566,2024,1,787.0,76561.26,141.0,24289,0.49999999999999994,0.8660254037844387,924.0,725.0,863.0,922.0,837.3333333333334,904.8333333333334,982.25,89564.66,81599.69666666667,4
4566,2024,2,1763.0,165271.56,343.0,24290,0.8660254037844386,0.5000000000000001,787.0,924.0,725.0,750.0,812.0,857.0,971.0,76561.26,78932.75666666665,4
4566,2024,3,1771.0,168795.24,316.0,24291,1.0,6.123233995736766e-17,1763.0,787.0,924.0,1313.0,1158.0,981.8333333333334,1055.4166666666667,165271.56,110465.82666666666,4
4566,2024,4,1530.0,143198.84,292.0,24292,0.8660254037844387,-0.4999999999999998,1771.0,1763.0,787.0,1035.0,1440.3333333333333,1138.8333333333333,1093.5833333333333,168795.24,136876.02,4
4566,2024,5,1730.0,164950.09,330.0,24293,0.49999999999999994,-0.8660254037844387,1530.0,1771.0,1763.0,1258.0,1688.0,1250.0,1134.8333333333333,143198.84,159088.54666666663,4
4566,2024,6,1208.0,117218.51,240.0,24294,1.2246467991473532e-16,-1.0,1730.0,1530.0,1771.0,1080.0,1677.0,1417.5,1174.1666666666667,164950.09,158981.38999999998,4
4566,2024,7,1233.0,120316.12,214.0,24295,-0.4999999999999997,-0.8660254037844388,1208.0,1730.0,1530.0,1074.0,1489.3333333333333,1464.8333333333333,1184.8333333333333,117218.51,141789.14666666664,4
4566,2024,8,1251.0,122310.84,225.0,24296,-0.8660254037844385,-0.5000000000000004,1233.0,1208.0,1730.0,1014.0,1390.3333333333333,1539.1666666666667,1198.0833333333333,120316.12,134161.57333333333,4
4566,2024,9,1196.0,116814.5,204.0,24297,-1.0,-1.8369701987210297e-16,1251.0,1233.0,1208.0,829.0,1230.6666666666667,1453.8333333333333,1217.8333333333333,122310.84,119948.48999999998,4
4566,2024,10,1281.0,124509.27,217.0,24298,-0.8660254037844386,0.5000000000000001,1196.0,1251.0,1233.0,863.0,1226.6666666666667,1358.0,1248.4166666666667,116814.5,119813.81999999996,4
4566,2024,11,1402.0,137394.57,226.0,24299,-0.5000000000000004,0.8660254037844384,1281.0,1196.0,1251.0,725.0,1242.6666666666667,1316.5,1283.25,124509.27,121211.53666666664,4
4566,2024,12,1396.0,134226.02,246.0,24300,-2.4492935982947064e-16,1.0,1402.0,1281.0,1196.0,924.0,1293.0,1261.8333333333333,1339.6666666666667,137394.57,126239.44666666666,4
4566,2025,1,1076.0,103886.37,211.0,24301,0.49999999999999994,0.8660254037844387,1396.0,1402.0,1281.0,787.0,1359.6666666666667,1293.1666666666667,1379.0,134226.02,132043.28666666665,4
4566,2025,2,1424.0,140954.89,264.0,24302,0.8660254037844386,0.5000000000000001,1076.0,1396.0,1402.0,1763.0,1291.3333333333333,1267.0,1403.0833333333333,103886.37,125168.98666666665,4
4566,2025,3,1571.0,156054.41,306.0,24303,1.0,6.123233995736766e-17,1424.0,1076.0,1396.0,1771.0,1298.6666666666667,1295.8333333333333,1374.8333333333333,140954.89,126355.75999999997,4
4566,2025,4,1619.0,160810.84,311.0,24304,0.8660254037844387,-0.4999999999999998,1571.0,1424.0,1076.0,1530.0,1357.0,1358.3333333333333,1358.1666666666667,156054.41,133631.88999999998,4
4566,2025,5,1447.0,142078.42,273.0,24305,0.49999999999999994,-0.8660254037844387,1619.0,1571.0,1424.0,1730.0,1538.0,1414.6666666666667,1365.5833333333333,160810.84,152606.71333333332,4
4566,2025,6,1182.0,116534.11,228.0,24306,1.2246467991473532e-16,-1.0,1447.0,1619.0,1571.0,1208.0,1545.6666666666667,1422.1666666666667,1342.0,142078.42,152981.2233333333,4
4566,2025,7,1667.0,160949.58,273.0,24307,-0.4999999999999997,-0.8660254037844388,1182.0,1447.0,1619.0,1233.0,1416.0,1386.5,1339.8333333333333,116534.11,139807.78999999998,4
4566,2025,8,1040.0,102822.68000000001,202.0,24308,-0.8660254037844385,-0.5000000000000004,1667.0,1182.0,1447.0,1251.0,1432.0,1485.0,1376.0,160949.58,139854.03666666665,4
4566,2025,9,1206.0,121588.31,220.0,24309,-1.0,-1.8369701987210297e-16,1040.0,1667.0,1182.0,1196.0,1296.3333333333333,1421.0,1358.4166666666667,102822.68000000001,126768.78999999998,4
4566,2025,10,1759.0,178558.94,366.0,24310,-0.8660254037844386,0.5000000000000001,1206.0,1040.0,1667.0,1281.0,1304.3333333333333,1360.1666666666667,1359.25,121588.31,128453.5233333333,4
4566,2025,11,1106.0,110345.4,187.0,24311,-0.5000000000000004,0.8660254037844384,1759.0,1206.0,1040.0,1402.0,1335.0,1383.5,1399.0833333333333,178558.94,134323.30999999997,4
4566,2025,12,1424.0,141791.68,233.0,24312,-2.4492935982947064e-16,1.0,1106.0,1759.0,1206.0,1396.0,1357.0,1326.6666666666667,1374.4166666666667,110345.4,136830.8833333333,4
4567,2021,1,157.0,19379.87,64.0,24253,0.49999999999999994,0.8660254037844387,0.0,0.0,0.0,0.0,0.0,0.0,0.0,0.0,0.0,5
4567,2021,2,143.0,17847.12,64.0,24254,0.8660254037844386,0.5000000000000001,157.0,0.0,0.0,0.0,0.0,0.0,0.0,19379.87,0.0,5
4567,2021,3,140.0,18501.489999999998,62.0,24255,1.0,6.123233995736766e-17,143.0,157.0,0.0,0.0,0.0,0.0,0.0,17847.12,0.0,5
4567,2021,4,110.0,14353.55,63.0,24256,0.8660254037844387,-0.4999999999999998,140.0,143.0,157.0,0.0,146.66666666666666,0.0,0.0,18501.489999999998,18576.159999999978,5
4567,2021,5,123.0,15733.79,53.0,24257,0.49999999999999994,-0.8660254037844387,110.0,140.0,143.0,0.0,131.0,0.0,0.0,14353.55,16900.719999999983,5
4567,2021,6,71.0,9290.869999999999,41.0,24258,1.2246467991473532e-16,-1.0,123.0,110.0,140.0,0.0,124.33333333333333,0.0,0.0,15733.79,16196.276666666648,5
4567,2021,7,154.0,20021.9,77.0,24259,-0.4999999999999997,-0.8660254037844388,71.0,123.0,110.0,0.0,101.33333333333333,124.0,0.0,9290.869999999999,13126.06999999998,5
4567,2021,8,159.0,20748.79,76.0,24260,-0.8660254037844385,-0.5000000000000004,154.0,71.0,123.0,0.0,116.0,123.5,0.0,20021.9,15015.51999999998,5
4567,2021,9,135.0,17551.95,64.0,24261,-1.0,-1.8369701987210297e-16,159.0,154.0,71.0,0.0,128.0,126.16666666666667,0.0,20748.79,16687.186666666646,5
4567,2021,10,120.0,14716.15,59.0,24262,-0.8660254037844386,0.5000000000000001,135.0,159.0,154.0,0.0,149.33333333333334,125.33333333333333,0.0,17551.95,19440.879999999983,5
4567,2021,11,141.0,18285.18,70.0,24263,-0.5000000000000004,0.8660254037844384,120.0,135.0,159.0,0.0,138.0,127.0,0.0,14716.15,17672.29666666665,5
4567,2021,12,146.0,17905.63,57.0,24264,-2.4492935982947064e-16,1.0,141.0,120.0,135.0,0.0,132.0,130.0,0.0,18285.18,16851.093333333312,5
4567,2022,1,111.0,14316.85,56.0,24265,0.49999999999999994,0.8660254037844387,146.0,141.0,120.0,157.0,135.66666666666666,142.5,133.25,17905.63,16968.98666666665,5
4567,2022,2,138.0,17682.02,73.0,24266,0.8660254037844386,0.5000000000000001,111.0,146.0,141.0,143.0,132.66666666666666,135.33333333333334,129.41666666666666,14316.85,16835.886666666647,5
4567,2022,3,125.0,15027.79,50.0,24267,1.0,6.123233995736766e-17,138.0,111.0,146.0,140.0,131.66666666666666,131.83333333333334,129.0,17682.02,16634.833333333318,5
4567,2022,4,146.0,18051.16,66.0,24268,0.8660254037844387,-0.4999999999999998,125.0,138.0,111.0,110.0,124.66666666666667,130.16666666666666,127.75,15027.79,15675.553333333315,5
4567,2022,5,75.0,9853.65,37.0,24269,0.49999999999999994,-0.8660254037844387,146.0,125.0,138.0,123.0,136.33333333333334,134.5,130.75,18051.16,16920.323333333316,5
4567,2022,6,64.0,7972.58,28.0,24270,1.2246467991473532e-16,-1.0,75.0,146.0,125.0,71.0,115.33333333333333,123.5,126.75,9853.65,14310.866666666649,5
4567,2022,7,116.0,13900.82,50.0,24271,-0.4999999999999997,-0.8660254037844388,64.0,75.0,146.0,154.0,95.0,109.83333333333333,126.16666666666667,7972.58,11959.129999999981,5
4567,2022,8,73.0,9189.22,44.0,24272,-0.8660254037844385,-0.5000000000000004,116.0,64.0,75.0,159.0,85.0,110.66666666666667,123.0,13900.82,10575.683333333314,5
4567,2022,9,132.0,16586.57,53.0,24273,-1.0,-1.8369701987210297e-16,73.0,116.0,64.0,135.0,84.33333333333333,99.83333333333333,115.83333333333333,9189.22,10354.206666666649,5
4567,2022,10,94.0,11585.36,47.0,24274,-0.8660254037844386,0.5000000000000001,132.0,73.0,116.0,120.0,107.0,101.0,115.58333333333333,16586.57,13225.536666666647,5
4567,2022,11,119.0,14566.74,60.0,24275,-0.5000000000000004,0.8660254037844384,94.0,132.0,73.0,141.0,99.66666666666667,92.33333333333333,113.41666666666667,11585.36,12453.71666666665,5
4567,2022,12,43.0,5957.93,27.0,24276,-2.4492935982947064e-16,1.0,119.0,94.0,132.0,146.0,115.0,99.66666666666667,111.58333333333333,14566.74,14246.223333333315,5
4567,2023,1,85.0,10789.48,45.0,24277,0.49999999999999994,0.8660254037844387,43.0,119.0,94.0,111.0,85.33333333333333,96.16666666666667,103.0,5957.93,10703.343333333316,5
4567,2023,2,106.0,13854.58,59.0,24278,0.8660254037844386,0.5000000000000001,85.0,43.0,119.0,138.0,82.33333333333333,91.0,100.83333333333333,10789.48,10438.049999999981,5
4567,2023,3,152.0,19535.05,69.0,24279,1.0,6.123233995736766e-17,106.0,85.0,43.0,125.0,78.0,96.5,98.16666666666667,13854.58,10200.663333333316,5
4567,2023,4,93.0,12209.57,50.0,24280,0.8660254037844387,-0.4999999999999998,152.0,106.0,85.0,146.0,114.33333333333333,99.83333333333333,100.41666666666667,19535.05,14726.36999999998,5
4567,2023,5,188.0,23731.600000000002,91.0,24281,0.49999999999999994,-0.8660254037844387,93.0,152.0,106.0,75.0,117.0,99.66666666666667,96.0,12209.57,15199.733333333314,5
4567,2023,6,118.0,15761.800000000001,66.0,24282,1.2246467991473532e-16,-1.0,188.0,93.0,152.0,64.0,144.33333333333334,111.16666666666667,105.41666666666667,23731.600000000002,18492.073333333316,5
4567,2023,7,149.0,18707.06,68.0,24283,-0.4999999999999997,-0.8660254037844388,118.0,188.0,93.0,116.0,133.0,123.66666666666667,109.91666666666667,15761.800000000001,17234.323333333316,5
4567,2023,8,117.0,14496.18,49.0,24284,-0.8660254037844385,-0.5000000000000004,149.0,118.0,188.0,73.0,151.66666666666666,134.33333333333334,112.66666666666667,18707.06,19400.153333333317,5
4567,2023,9,111.0,13990.960000000001,51.0,24285,-1.0,-1.8369701987210297e-16,117.0,149.0,118.0,132.0,128.0,136.16666666666666,116.33333333333333,14496.18,16321.679999999984,5
4567,2023,10,123.0,16597.43,64.0,24286,-0.8660254037844386,0.5000000000000001,111.0,117.0,149.0,94.0,125.66666666666667,129.33333333333334,114.58333333333333,13990.960000000001,15731.399999999981,5
4567,2023,11,81.0,10948.56,43.0,24287,-0.5000000000000004,0.8660254037844384,123.0,111.0,117.0,119.0,117.0,134.33333333333334,117.0,16597.43,15028.189999999982,5
4567,2023,12,183.0,22867.68,62.0,24288,-2.4492935982947064e-16,1.0,81.0,123.0,111.0,43.0,105.0,116.5,113.83333333333333,10948.56,13845.649999999981,5
4567,2024,1,45.0,6133.7300000000005,28.0,24289,0.49999999999999994,0.8660254037844387,183.0,81.0,123.0,85.0,129.0,127.33333333333333,125.5,22867.68,16804.55666666665,5
4567,2024,2,187.0,23114.88,91.0,24290,0.8660254037844386,0.5000000000000001,45.0,183.0,81.0,106.0,103.0,110.0,122.16666666666667,6133.7300000000005,13316.65666666665,5
4567,2024,3,234.0,29874.02,102.0,24291,1.0,6.123233995736766e-17,187.0,45.0,183.0,152.0,138.33333333333334,121.66666666666667,128.91666666666666,23114.88,17372.09666666665,5
4567,2024,4,186.0,23656.91,69.0,24292,0.8660254037844387,-0.4999999999999998,234.0,187.0,45.0,93.0,155.33333333333334,142.16666666666666,135.75,29874.02,19707.543333333317,5
4567,2024,5,188.0,23834.24,99.0,24293,0.49999999999999994,-0.8660254037844387,186.0,234.0,187.0,188.0,202.33333333333334,152.66666666666666,143.5,23656.91,25548.603333333314,5
4567,2024,6,145.0,18500.09,59.0,24294,1.2246467991473532e-16,-1.0,188.0,186.0,234.0,118.0,202.66666666666666,170.5,143.5,23834.24,25788.389999999985,5
4567,2024,7,153.0,19521.61,63.0,24295,-0.4999999999999997,-0.8660254037844388,145.0,188.0,186.0,149.0,173.0,164.16666666666666,145.75,18500.09,21997.079999999984,5
4567,2024,8,155.0,19947.39,68.0,24296,-0.8660254037844385,-0.5000000000000004,153.0,145.0,188.0,117.0,162.0,182.16666666666666,146.08333333333334,19521.61,20618.64666666665,5
4567,2024,9,145.0,18644.43,76.0,24297,-1.0,-1.8369701987210297e-16,155.0,153.0,145.0,111.0,151.0,176.83333333333334,149.25,19947.39,19323.029999999984,5
4567,2024,10,100.0,14234.630000000001,50.0,24298,-0.8660254037844386,0.5000000000000001,145.0,155.0,153.0,123.0,151.0,162.0,152.08333333333334,18644.43,19371.143333333315,5
4567,2024,11,172.0,22169.3,72.0,24299,-0.5000000000000004,0.8660254037844384,100.0,145.0,155.0,81.0,133.33333333333334,147.66666666666666,150.16666666666666,14234.630000000001,17608.81666666665,5
4567,2024,12,142.0,18061.39,79.0,24300,-2.4492935982947064e-16,1.0,172.0,100.0,145.0,183.0,139.0,145.0,157.75,22169.3,18349.453333333317,5
4567,2025,1,147.0,18320.02,66.0,24301,0.49999999999999994,0.8660254037844387,142.0,172.0,100.0,45.0,138.0,144.5,154.33333333333334,18061.39,18155.10666666665,5
4567,2025,2,195.0,24654.72,71.0,24302,0.8660254037844386,0.5000000000000001,147.0,142.0,172.0,187.0,153.66666666666666,143.5,162.83333333333334,18320.02,19516.903333333317,5
4567,2025,3,167.0,23147.58,89.0,24303,1.0,6.123233995736766e-17,195.0,147.0,142.0,234.0,161.33333333333334,150.16666666666666,163.5,24654.72,20345.37666666665,5
4567,2025,4,186.0,23749.04,79.0,24304,0.8660254037844387,-0.4999999999999998,167.0,195.0,147.0,186.0,169.66666666666666,153.83333333333334,157.91666666666666,23147.58,22040.773333333316,5
4567,2025,5,194.0,25208.05,84.0,24305,0.49999999999999994,-0.8660254037844387,186.0,167.0,195.0,188.0,182.66666666666666,168.16666666666666,157.91666666666666,23749.04,23850.446666666652,5
4567,2025,6,167.0,20511.86,71.0,24306,1.2246467991473532e-16,-1.0,194.0,186.0,167.0,145.0,182.33333333333334,171.83333333333334,158.41666666666666,25208.05,24034.889999999985,5
4567,2025,7,130.0,17350.8,70.0,24307,-0.4999999999999997,-0.8660254037844388,167.0,194.0,186.0,153.0,182.33333333333334,176.0,160.25,20511.86,23156.31666666665,5
4567,2025,8,78.0,10098.45,40.0,24308,-0.8660254037844385,-0.5000000000000004,130.0,167.0,194.0,155.0,163.66666666666666,173.16666666666666,158.33333333333334,17350.8,21023.56999999998,5
4567,2025,9,114.0,16194.1,56.0,24309,-1.0,-1.8369701987210297e-16,78.0,130.0,167.0,145.0,125.0,153.66666666666666,151.91666666666666,10098.45,15987.03666666665,5
4567,2025,10,217.0,28334.31,100.0,24310,-0.8660254037844386,0.5000000000000001,114.0,78.0,130.0,100.0,107.33333333333333,144.83333333333334,149.33333333333334,16194.1,14547.783333333316,5
4567,2025,11,116.0,15466.7,50.0,24311,-0.5000000000000004,0.8660254037844384,217.0,114.0,78.0,172.0,136.33333333333334,150.0,159.08333333333334,28334.31,18208.95333333332,5
4567,2025,12,140.0,18376.7,67.0,24312,-2.4492935982947064e-16,1.0,116.0,217.0,114.0,142.0,149.0,137.0,154.41666666666666,15466.7,19998.369999999984,5
4911,2021,1,235.0,17765.51,43.0,24253,0.49999999999999994,0.8660254037844387,0.0,0.0,0.0,0.0,0.0,0.0,0.0,0.0,0.0,6
4911,2021,2,397.0,29050.16,73.0,24254,0.8660254037844386,0.5000000000000001,235.0,0.0,0.0,0.0,0.0,0.0,0.0,17765.51,0.0,6
4911,2021,3,355.0,27060.239999999998,62.0,24255,1.0,6.123233995736766e-17,397.0,235.0,0.0,0.0,0.0,0.0,0.0,29050.16,0.0,6
4911,2021,4,264.0,20278.2,45.0,24256,0.8660254037844387,-0.4999999999999998,355.0,397.0,235.0,0.0,329.0,0.0,0.0,27060.239999999998,24625.303333333315,6
4911,2021,5,222.0,17938.25,36.0,24257,0.49999999999999994,-0.8660254037844387,264.0,355.0,397.0,0.0,338.6666666666667,0.0,0.0,20278.2,25462.86666666665,6
4911,2021,6,186.0,13940.34,35.0,24258,1.2246467991473532e-16,-1.0,222.0,264.0,355.0,0.0,280.3333333333333,0.0,0.0,17938.25,21758.89666666665,6
4911,2021,7,415.0,31264.49,59.0,24259,-0.4999999999999997,-0.8660254037844388,186.0,222.0,264.0,0.0,224.0,276.5,0.0,13940.34,17385.59666666665,6
4911,2021,8,421.0,31382.05,67.0,24260,-0.8660254037844385,-0.5000000000000004,415.0,186.0,222.0,0.0,274.3333333333333,306.5,0.0,31264.49,21047.693333333318,6
4911,2021,9,353.0,25446.93,56.0,24261,-1.0,-1.8369701987210297e-16,421.0,415.0,186.0,0.0,340.6666666666667,310.5,0.0,31382.05,25528.95999999998,6
4911,2021,10,411.0,30094.94,65.0,24262,-0.8660254037844386,0.5000000000000001,353.0,421.0,415.0,0.0,396.3333333333333,310.1666666666667,0.0,25446.93,29364.489999999987,6
4911,2021,11,291.0,21666.25,53.0,24263,-0.5000000000000004,0.8660254037844384,411.0,353.0,421.0,0.0,395.0,334.6666666666667,0.0,30094.94,28974.639999999985,6
4911,2021,12,276.0,19895.79,45.0,24264,-2.4492935982947064e-16,1.0,291.0,411.0,353.0,0.0,351.6666666666667,346.1666666666667,0.0,21666.25,25736.039999999983,6
4911,2022,1,242.0,18271.58,49.0,24265,0.49999999999999994,0.8660254037844387,276.0,291.0,411.0,235.0,326.0,361.1666666666667,318.8333333333333,19895.79,23885.659999999985,6
4911,2022,2,869.0,64728.0,149.0,24266,0.8660254037844386,0.5000000000000001,242.0,276.0,291.0,397.0,269.6666666666667,332.3333333333333,319.4166666666667,18271.58,19944.539999999983,6
4911,2022,3,401.0,31290.98,61.0,24267,1.0,6.123233995736766e-17,869.0,242.0,276.0,355.0,462.3333333333333,407.0,358.75,64728.0,34298.45666666665,6
4911,2022,4,342.0,25730.28,63.0,24268,0.8660254037844387,-0.4999999999999998,401.0,869.0,242.0,264.0,504.0,415.0,362.5833333333333,31290.98,38096.85333333332,6
4911,2022,5,294.0,22514.05,46.0,24269,0.49999999999999994,-0.8660254037844387,342.0,401.0,869.0,222.0,537.3333333333334,403.5,369.0833333333333,25730.28,40583.08666666665,6
4911,2022,6,258.0,18843.41,40.0,24270,1.2246467991473532e-16,-1.0,294.0,342.0,401.0,186.0,345.6666666666667,404.0,375.0833333333333,22514.05,26511.76999999998,6
4911,2022,7,270.0,20275.4,44.0,24271,-0.4999999999999997,-0.8660254037844388,258.0,294.0,342.0,415.0,298.0,401.0,381.0833333333333,18843.41,22362.579999999984,6
4911,2022,8,314.0,21706.100000000002,44.0,24272,-0.8660254037844385,-0.5000000000000004,270.0,258.0,294.0,421.0,274.0,405.6666666666667,369.0,20275.4,20544.286666666652,6
4911,2022,9,194.0,14563.5,43.0,24273,-1.0,-1.8369701987210297e-16,314.0,270.0,258.0,353.0,280.6666666666667,313.1666666666667,360.0833333333333,21706.100000000002,20274.969999999983,6
4911,2022,10,180.0,15131.81,33.0,24274,-0.8660254037844386,0.5000000000000001,194.0,314.0,270.0,411.0,259.3333333333333,278.6666666666667,346.8333333333333,14563.5,18848.333333333318,6
4911,2022,11,246.0,18248.7,40.0,24275,-0.5000000000000004,0.8660254037844384,180.0,194.0,314.0,291.0,229.33333333333334,251.66666666666666,327.5833333333333,15131.81,17133.803333333315,6
4911,2022,12,241.0,17137.77,44.0,24276,-2.4492935982947064e-16,1.0,246.0,180.0,194.0,276.0,206.66666666666666,243.66666666666666,323.8333333333333,18248.7,15981.33666666665,6
4911,2023,1,291.0,22520.88,43.0,24277,0.49999999999999994,0.8660254037844387,241.0,246.0,180.0,242.0,222.33333333333334,240.83333333333334,320.9166666666667,17137.77,16839.42666666665,6
4911,2023,2,198.0,15850.37,33.0,24278,0.8660254037844386,0.5000000000000001,291.0,241.0,246.0,869.0,259.3333333333333,244.33333333333334,325.0,22520.88,19302.449999999986,6
4911,2023,3,317.0,23293.15,54.0,24279,1.0,6.123233995736766e-17,198.0,291.0,241.0,401.0,243.33333333333334,225.0,269.0833333333333,15850.37,18503.00666666665,6
4911,2023,4,361.0,27335.75,60.0,24280,0.8660254037844387,-0.4999999999999998,317.0,198.0,291.0,342.0,268.6666666666667,245.5,262.0833333333333,23293.15,20554.799999999985,6
4911,2023,5,426.0,31128.91,72.0,24281,0.49999999999999994,-0.8660254037844387,361.0,317.0,198.0,294.0,292.0,275.6666666666667,263.6666666666667,27335.75,22159.756666666653,6
4911,2023,6,298.0,22682.12,55.0,24282,1.2246467991473532e-16,-1.0,426.0,361.0,317.0,258.0,368.0,305.6666666666667,274.6666666666667,31128.91,27252.603333333318,6
4911,2023,7,217.0,16723.43,45.0,24283,-0.4999999999999997,-0.8660254037844388,298.0,426.0,361.0,270.0,361.6666666666667,315.1666666666667,278.0,22682.12,27048.926666666648,6
4911,2023,8,306.0,23298.21,54.0,24284,-0.8660254037844385,-0.5000000000000004,217.0,298.0,426.0,314.0,313.6666666666667,302.8333333333333,273.5833333333333,16723.43,23511.48666666665,6
4911,2023,9,215.0,17236.22,39.0,24285,-1.0,-1.8369701987210297e-16,306.0,217.0,298.0,194.0,273.6666666666667,320.8333333333333,272.9166666666667,23298.21,20901.253333333316,6
4911,2023,10,293.0,21819.24,47.0,24286,-0.8660254037844386,0.5000000000000001,215.0,306.0,217.0,180.0,246.0,303.8333333333333,274.6666666666667,17236.22,19085.953333333317,6
4911,2023,11,211.0,16068.43,37.0,24287,-0.5000000000000004,0.8660254037844384,293.0,215.0,306.0,246.0,271.3333333333333,292.5,284.0833333333333,21819.24,20784.556666666653,6
4911,2023,12,362.0,27968.08,57.0,24288,-2.4492935982947064e-16,1.0,211.0,293.0,215.0,241.0,239.66666666666666,256.6666666666667,281.1666666666667,16068.43,18374.629999999986,6
4911,2024,1,160.0,12278.14,27.0,24289,0.49999999999999994,0.8660254037844387,362.0,211.0,293.0,291.0,288.6666666666667,267.3333333333333,291.25,27968.08,21951.916666666653,6
4911,2024,2,385.0,26999.03,52.0,24290,0.8660254037844386,0.5000000000000001,160.0,362.0,211.0,198.0,244.33333333333334,257.8333333333333,280.3333333333333,12278.14,18771.549999999985,6
4911,2024,3,439.0,34636.28,80.0,24291,1.0,6.123233995736766e-17,385.0,160.0,362.0,317.0,302.3333333333333,271.0,295.9166666666667,26999.03,22415.083333333318,6
4911,2024,4,599.0,46198.47,98.0,24292,0.8660254037844387,-0.4999999999999998,439.0,385.0,160.0,361.0,328.0,308.3333333333333,306.0833333333333,34636.28,24637.81666666665,6
4911,2024,5,564.0,45479.24,89.0,24293,0.49999999999999994,-0.8660254037844387,599.0,439.0,385.0,426.0,474.3333333333333,359.3333333333333,325.9166666666667,46198.47,35944.593333333316,6
4911,2024,6,295.0,23827.25,54.0,24294,1.2246467991473532e-16,-1.0,564.0,599.0,439.0,298.0,534.0,418.1666666666667,337.4166666666667,45479.24,42104.66333333332,6
4911,2024,7,468.0,34917.46,59.0,24295,-0.4999999999999997,-0.8660254037844388,295.0,564.0,599.0,217.0,486.0,407.0,337.1666666666667,23827.25,38501.65333333332,6
4911,2024,8,452.0,35541.83,65.0,24296,-0.8660254037844385,-0.5000000000000004,468.0,295.0,564.0,306.0,442.3333333333333,458.3333333333333,358.0833333333333,34917.46,34741.31666666665,6
4911,2024,9,413.0,32577.12,65.0,24297,-1.0,-1.8369701987210297e-16,452.0,468.0,295.0,215.0,405.0,469.5,370.25,35541.83,31428.84666666665,6
4911,2024,10,355.0,29056.85,53.0,24298,-0.8660254037844386,0.5000000000000001,413.0,452.0,468.0,293.0,444.3333333333333,465.1666666666667,386.75,32577.12,34345.46999999999,6
4911,2024,11,416.0,32717.94,70.0,24299,-0.5000000000000004,0.8660254037844384,355.0,413.0,452.0,211.0,406.6666666666667,424.5,391.9166666666667,29056.85,32391.933333333316,6
4911,2024,12,349.0,27700.3,57.0,24300,-2.4492935982947064e-16,1.0,416.0,355.0,413.0,362.0,394.6666666666667,399.8333333333333,409.0,32717.94,31450.636666666647,6
4911,2025,1,359.0,27956.63,65.0,24301,0.49999999999999994,0.8660254037844387,349.0,416.0,355.0,160.0,373.3333333333333,408.8333333333333,407.9166666666667,27700.3,29825.029999999984,6
4911,2025,2,427.0,33630.0,75.0,24302,0.8660254037844386,0.5000000000000001,359.0,349.0,416.0,385.0,374.6666666666667,390.6666666666667,424.5,27956.63,29458.289999999983,6
4911,2025,3,472.0,37069.75,76.0,24303,1.0,6.123233995736766e-17,427.0,359.0,349.0,439.0,378.3333333333333,386.5,428.0,33630.0,29762.309999999987,6
4911,2025,4,522.0,42724.39,97.0,24304,0.8660254037844387,-0.4999999999999998,472.0,427.0,359.0,599.0,419.3333333333333,396.3333333333333,430.75,37069.75,32885.459999999985,6
4911,2025,5,451.0,35524.07,75.0,24305,0.49999999999999994,-0.8660254037844387,522.0,472.0,427.0,564.0,473.6666666666667,424.1666666666667,424.3333333333333,42724.39,37808.046666666654,6
4911,2025,6,261.0,22208.86,47.0,24306,1.2246467991473532e-16,-1.0,451.0,522.0,472.0,295.0,481.6666666666667,430.0,414.9166666666667,35524.07,38439.403333333314,6
4911,2025,7,444.0,33752.3,112.0,24307,-0.4999999999999997,-0.8660254037844388,261.0,451.0,522.0,468.0,411.3333333333333,415.3333333333333,412.0833333333333,22208.86,33485.77333333332,6
4911,2025,8,325.0,25724.02,58.0,24308,-0.8660254037844385,-0.5000000000000004,444.0,261.0,451.0,452.0,385.3333333333333,429.5,410.0833333333333,33752.3,30495.07666666665,6
4911,2025,9,478.0,37376.21,79.0,24309,-1.0,-1.8369701987210297e-16,325.0,444.0,261.0,413.0,343.3333333333333,412.5,399.5,25724.02,27228.393333333323,6
4911,2025,10,563.0,44845.58,90.0,24310,-0.8660254037844386,0.5000000000000001,478.0,325.0,444.0,355.0,415.6666666666667,413.5,404.9166666666667,37376.21,32284.17666666665,6
4911,2025,11,302.0,23151.87,38.0,24311,-0.5000000000000004,0.8660254037844384,563.0,478.0,325.0,416.0,455.3333333333333,420.3333333333333,422.25,44845.58,35981.936666666654,6
4911,2025,12,437.0,34641.85,71.0,24312,-2.4492935982947064e-16,1.0,302.0,563.0,478.0,349.0,447.6666666666667,395.5,412.75,23151.87,35124.553333333315,6
4912,2021,1,1363.0,45834.450000000004,89.0,24253,0.49999999999999994,0.8660254037844387,0.0,0.0,0.0,0.0,0.0,0.0,0.0,0.0,0.0,7
4912,2021,2,1711.0,58056.14,118.0,24254,0.8660254037844386,0.5000000000000001,1363.0,0.0,0.0,0.0,0.0,0.0,0.0,45834.450000000004,0.0,7
4912,2021,3,1449.0,47480.54,109.0,24255,1.0,6.123233995736766e-17,1711.0,1363.0,0.0,0.0,0.0,0.0,0.0,58056.14,0.0,7
4912,2021,4,1338.0,46637.090000000004,101.0,24256,0.8660254037844387,-0.4999999999999998,1449.0,1711.0,1363.0,0.0,1507.6666666666667,0.0,0.0,47480.54,50457.04333333333,7
4912,2021,5,1282.0,43257.130000000005,89.0,24257,0.49999999999999994,-0.8660254037844387,1338.0,1449.0,1711.0,0.0,1499.3333333333333,0.0,0.0,46637.090000000004,50724.58999999999,7
4912,2021,6,1236.0,41623.47,72.0,24258,1.2246467991473532e-16,-1.0,1282.0,1338.0,1449.0,0.0,1356.3333333333333,0.0,0.0,43257.130000000005,45791.58666666665,7
4912,2021,7,1710.0,57585.76,113.0,24259,-0.4999999999999997,-0.8660254037844388,1236.0,1282.0,1338.0,0.0,1285.3333333333333,1396.5,0.0,41623.47,43839.22999999998,7
4912,2021,8,1591.0,55443.090000000004,117.0,24260,-0.8660254037844385,-0.5000000000000004,1710.0,1236.0,1282.0,0.0,1409.3333333333333,1454.3333333333333,0.0,57585.76,47488.78666666665,7
4912,2021,9,1636.0,59346.91,113.0,24261,-1.0,-1.8369701987210297e-16,1591.0,1710.0,1236.0,0.0,1512.3333333333333,1434.3333333333333,0.0,55443.090000000004,51550.773333333316,7
4912,2021,10,1705.0,59385.87,126.0,24262,-0.8660254037844386,0.5000000000000001,1636.0,1591.0,1710.0,0.0,1645.6666666666667,1465.5,0.0,59346.91,57458.58666666665,7
4912,2021,11,1572.0,54721.060000000005,105.0,24263,-0.5000000000000004,0.8660254037844384,1705.0,1636.0,1591.0,0.0,1644.0,1526.6666666666667,0.0,59385.87,58058.62333333332,7
4912,2021,12,1652.0,58830.700000000004,102.0,24264,-2.4492935982947064e-16,1.0,1572.0,1705.0,1636.0,0.0,1637.6666666666667,1575.0,0.0,54721.060000000005,57817.946666666656,7
4912,2022,1,908.0,29631.31,68.0,24265,0.49999999999999994,0.8660254037844387,1652.0,1572.0,1705.0,1363.0,1643.0,1644.3333333333333,1520.4166666666667,58830.700000000004,57645.876666666656,7
4912,2022,2,1278.0,44658.07,96.0,24266,0.8660254037844386,0.5000000000000001,908.0,1652.0,1572.0,1711.0,1377.3333333333333,1510.6666666666667,1482.5,29631.31,47727.689999999995,7
4912,2022,3,1322.0,46965.19,93.0,24267,1.0,6.123233995736766e-17,1278.0,908.0,1652.0,1449.0,1279.3333333333333,1458.5,1446.4166666666667,44658.07,44373.359999999986,7
4912,2022,4,1242.0,42942.74,96.0,24268,0.8660254037844387,-0.4999999999999998,1322.0,1278.0,908.0,1338.0,1169.3333333333333,1406.1666666666667,1435.8333333333333,46965.19,40418.18999999998,7
4912,2022,5,937.0,31349.670000000002,69.0,24269,0.49999999999999994,-0.8660254037844387,1242.0,1322.0,1278.0,1282.0,1280.6666666666667,1329.0,1427.8333333333333,42942.74,44855.333333333314,7
4912,2022,6,894.0,31041.11,63.0,24270,1.2246467991473532e-16,-1.0,937.0,1242.0,1322.0,1236.0,1167.0,1223.1666666666667,1399.0833333333333,31349.670000000002,40419.19999999999,7
4912,2022,7,1362.0,47411.92,99.0,24271,-0.4999999999999997,-0.8660254037844388,894.0,937.0,1242.0,1710.0,1024.3333333333333,1096.8333333333333,1370.5833333333333,31041.11,35111.17333333332,7
4912,2022,8,1020.0,34810.49,79.0,24272,-0.8660254037844385,-0.5000000000000004,1362.0,894.0,937.0,1591.0,1064.3333333333333,1172.5,1341.5833333333333,47411.92,36600.89999999999,7
4912,2022,9,1186.0,41048.950000000004,87.0,24273,-1.0,-1.8369701987210297e-16,1020.0,1362.0,894.0,1636.0,1092.0,1129.5,1294.0,34810.49,37754.50666666665,7
4912,2022,10,684.0,25449.440000000002,53.0,24274,-0.8660254037844386,0.5000000000000001,1186.0,1020.0,1362.0,1705.0,1189.3333333333333,1106.8333333333333,1256.5,41048.950000000004,41090.45333333332,7
4912,2022,11,1378.0,46726.3,94.0,24275,-0.5000000000000004,0.8660254037844384,684.0,1186.0,1020.0,1572.0,963.3333333333334,1013.8333333333334,1171.4166666666667,25449.440000000002,33769.626666666656,7
4912,2022,12,887.0,31473.100000000002,85.0,24276,-2.4492935982947064e-16,1.0,1378.0,684.0,1186.0,1652.0,1082.6666666666667,1087.3333333333333,1155.25,46726.3,37741.563333333324,7
4912,2023,1,675.0,25511.2,57.0,24277,0.49999999999999994,0.8660254037844387,887.0,1378.0,684.0,908.0,983.0,1086.1666666666667,1091.5,31473.100000000002,34549.61333333332,7
4912,2023,2,816.0,29440.22,61.0,24278,0.8660254037844386,0.5000000000000001,675.0,887.0,1378.0,1278.0,980.0,971.6666666666666,1072.0833333333333,25511.2,34570.19999999999,7
4912,2023,3,1072.0,38170.07,81.0,24279,1.0,6.123233995736766e-17,816.0,675.0,887.0,1322.0,792.6666666666666,937.6666666666666,1033.5833333333333,29440.22,28808.17333333332,7
4912,2023,4,993.0,34889.29,81.0,24280,0.8660254037844387,-0.4999999999999998,1072.0,816.0,675.0,1242.0,854.3333333333334,918.6666666666666,1012.75,38170.07,31040.496666666655,7
4912,2023,5,1716.0,62138.51,122.0,24281,0.49999999999999994,-0.8660254037844387,993.0,1072.0,816.0,937.0,960.3333333333334,970.1666666666666,992.0,34889.29,34166.52666666665,7
4912,2023,6,1343.0,47044.61,106.0,24282,1.2246467991473532e-16,-1.0,1716.0,993.0,1072.0,894.0,1260.3333333333333,1026.5,1056.9166666666667,62138.51,45065.95666666666,7
4912,2023,7,1214.0,42163.82,98.0,24283,-0.4999999999999997,-0.8660254037844388,1343.0,1716.0,993.0,1362.0,1350.6666666666667,1102.5,1094.3333333333333,47044.61,48024.13666666666,7
4912,2023,8,1327.0,46370.45,78.0,24284,-0.8660254037844385,-0.5000000000000004,1214.0,1343.0,1716.0,1020.0,1424.3333333333333,1192.3333333333333,1082.0,42163.82,50448.97999999999,7
4912,2023,9,845.0,30173.96,66.0,24285,-1.0,-1.8369701987210297e-16,1327.0,1214.0,1343.0,1186.0,1294.6666666666667,1277.5,1107.5833333333333,46370.45,45192.959999999985,7
4912,2023,10,959.0,34099.52,86.0,24286,-0.8660254037844386,0.5000000000000001,845.0,1327.0,1214.0,684.0,1128.6666666666667,1239.6666666666667,1079.1666666666667,30173.96,39569.40999999999,7
4912,2023,11,827.0,29570.57,66.0,24287,-0.5000000000000004,0.8660254037844384,959.0,845.0,1327.0,1378.0,1043.6666666666667,1234.0,1102.0833333333333,34099.52,36881.30999999999,7
4912,2023,12,1389.0,48859.24,103.0,24288,-2.4492935982947064e-16,1.0,827.0,959.0,845.0,887.0,877.0,1085.8333333333333,1056.1666666666667,29570.57,31281.349999999988,7
4912,2024,1,531.0,19384.53,48.0,24289,0.49999999999999994,0.8660254037844387,1389.0,827.0,959.0,675.0,1058.3333333333333,1093.5,1098.0,48859.24,37509.77666666665,7
4912,2024,2,1448.0,51905.409999999996,119.0,24290,0.8660254037844386,0.5000000000000001,531.0,1389.0,827.0,816.0,915.6666666666666,979.6666666666666,1086.0,19384.53,32604.779999999988,7
4912,2024,3,1179.0,42010.46,114.0,24291,1.0,6.123233995736766e-17,1448.0,531.0,1389.0,1072.0,1122.6666666666667,999.8333333333334,1138.6666666666667,51905.409999999996,40049.726666666655,7
4912,2024,4,1522.0,55475.39,122.0,24292,0.8660254037844387,-0.4999999999999998,1179.0,1448.0,531.0,993.0,1052.6666666666667,1055.5,1147.5833333333333,42010.46,37766.79999999999,7
4912,2024,5,1444.0,51112.62,134.0,24293,0.49999999999999994,-0.8660254037844387,1522.0,1179.0,1448.0,1716.0,1383.0,1149.3333333333333,1191.6666666666667,55475.39,49797.08666666665,7
4912,2024,6,1015.0,36176.68,94.0,24294,1.2246467991473532e-16,-1.0,1444.0,1522.0,1179.0,1343.0,1381.6666666666667,1252.1666666666667,1169.0,51112.62,49532.82333333333,7
4912,2024,7,1157.0,41910.909999999996,84.0,24295,-0.4999999999999997,-0.8660254037844388,1015.0,1444.0,1522.0,1214.0,1327.0,1189.8333333333333,1141.6666666666667,36176.68,47588.22999999999,7
4912,2024,8,931.0,33506.59,80.0,24296,-0.8660254037844385,-0.5000000000000004,1157.0,1015.0,1444.0,1327.0,1205.3333333333333,1294.1666666666667,1136.9166666666667,41910.909999999996,43066.73666666666,7
4912,2024,9,1110.0,39633.25,88.0,24297,-1.0,-1.8369701987210297e-16,931.0,1157.0,1015.0,845.0,1034.3333333333333,1208.0,1103.9166666666667,33506.59,37198.05999999999,7
4912,2024,10,1154.0,42542.5,87.0,24298,-0.8660254037844386,0.5000000000000001,1110.0,931.0,1157.0,959.0,1066.0,1196.5,1126.0,39633.25,38350.24999999999,7
4912,2024,11,1188.0,42919.2,86.0,24299,-0.5000000000000004,0.8660254037844384,1154.0,1110.0,931.0,827.0,1065.0,1135.1666666666667,1142.25,42542.5,38560.77999999999,7
4912,2024,12,1059.0,37106.53,86.0,24300,-2.4492935982947064e-16,1.0,1188.0,1154.0,1110.0,1389.0,1150.6666666666667,1092.5,1172.3333333333333,42919.2,41698.31666666665,7
4912,2025,1,1040.0,36802.4,70.0,24301,0.49999999999999994,0.8660254037844387,1059.0,1188.0,1154.0,531.0,1133.6666666666667,1099.8333333333333,1144.8333333333333,37106.53,40856.07666666665,7
4912,2025,2,1003.0,37025.86,81.0,24302,0.8660254037844386,0.5000000000000001,1040.0,1059.0,1188.0,1448.0,1095.6666666666667,1080.3333333333333,1187.25,36802.4,38942.709999999985,7
4912,2025,3,1305.0,49234.969999999994,113.0,24303,1.0,6.123233995736766e-17,1003.0,1040.0,1059.0,1179.0,1034.0,1092.3333333333333,1150.1666666666667,37025.86,36978.26333333332,7
4912,2025,4,1485.0,56142.32,120.0,24304,0.8660254037844387,-0.4999999999999998,1305.0,1003.0,1040.0,1522.0,1116.0,1124.8333333333333,1160.6666666666667,49234.969999999994,41021.07666666665,7
4912,2025,5,1276.0,46432.78,97.0,24305,0.49999999999999994,-0.8660254037844387,1485.0,1305.0,1003.0,1444.0,1264.3333333333333,1180.0,1157.5833333333333,56142.32,47467.71666666665,7
4912,2025,6,712.0,26312.11,67.0,24306,1.2246467991473532e-16,-1.0,1276.0,1485.0,1305.0,1015.0,1355.3333333333333,1194.6666666666667,1143.5833333333333,46432.78,50603.35666666665,7
4912,2025,7,1067.0,39245.369999999995,142.0,24307,-0.4999999999999997,-0.8660254037844388,712.0,1276.0,1485.0,1157.0,1157.6666666666667,1136.8333333333333,1118.3333333333333,26312.11,42962.40333333332,7
4912,2025,8,850.0,31687.269999999997,78.0,24308,-0.8660254037844385,-0.5000000000000004,1067.0,712.0,1276.0,931.0,1018.3333333333334,1141.3333333333333,1110.8333333333333,39245.369999999995,37330.08666666665,7
4912,2025,9,1208.0,44477.509999999995,97.0,24309,-1.0,-1.8369701987210297e-16,850.0,1067.0,712.0,1110.0,876.3333333333334,1115.8333333333333,1104.0833333333333,31687.269999999997,32414.916666666646,7
4912,2025,10,1517.0,54865.59,106.0,24310,-0.8660254037844386,0.5000000000000001,1208.0,850.0,1067.0,1154.0,1041.6666666666667,1099.6666666666667,1112.25,44477.509999999995,38470.04999999999,7
4912,2025,11,984.0,35722.24,72.0,24311,-0.5000000000000004,0.8660254037844384,1517.0,1208.0,850.0,1188.0,1191.6666666666667,1105.0,1142.5,54865.59,43676.789999999986,7
4912,2025,12,1159.0,43033.14,96.0,24312,-2.4492935982947064e-16,1.0,984.0,1517.0,1208.0,1059.0,1236.3333333333333,1056.3333333333333,1125.5,35722.24,45021.77999999999,7
5099,2021,1,702.0,176376.66,167.0,24253,0.49999999999999994,0.8660254037844387,0.0,0.0,0.0,0.0,0.0,0.0,0.0,0.0,0.0,8
5099,2021,2,618.0,158720.01,165.0,24254,0.8660254037844386,0.5000000000000001,702.0,0.0,0.0,0.0,0.0,0.0,0.0,176376.66,0.0,8
5099,2021,3,561.0,143316.81,151.0,24255,1.0,6.123233995736766e-17,618.0,702.0,0.0,0.0,0.0,0.0,0.0,158720.01,0.0,8
5099,2021,4,653.0,168659.97,166.0,24256,0.8660254037844387,-0.4999999999999998,561.0,618.0,702.0,0.0,627.0,0.0,0.0,143316.81,159471.16,8
5099,2021,5,541.0,141675.65,147.0,24257,0.49999999999999994,-0.8660254037844387,653.0,561.0,618.0,0.0,610.6666666666666,0.0,0.0,168659.97,156898.92999999996,8
5099,2021,6,439.0,111371.63,125.0,24258,1.2246467991473532e-16,-1.0,541.0,653.0,561.0,0.0,585.0,0.0,0.0,141675.65,151217.47666666665,8
5099,2021,7,657.0,171552.77,182.0,24259,-0.4999999999999997,-0.8660254037844388,439.0,541.0,653.0,0.0,544.3333333333334,585.6666666666666,0.0,111371.63,140569.08333333334,8
5099,2021,8,716.0,185558.11,202.0,24260,-0.8660254037844385,-0.5000000000000004,657.0,439.0,541.0,0.0,545.6666666666666,578.1666666666666,0.0,171552.77,141533.34999999998,8
5099,2021,9,710.0,184835.53,172.0,24261,-1.0,-1.8369701987210297e-16,716.0,657.0,439.0,0.0,604.0,594.5,0.0,185558.11,156160.83666666664,8
5099,2021,10,649.0,168634.7,172.0,24262,-0.8660254037844386,0.5000000000000001,710.0,716.0,657.0,0.0,694.3333333333334,619.3333333333334,0.0,184835.53,180648.80333333332,8
5099,2021,11,648.0,167227.21,158.0,24263,-0.5000000000000004,0.8660254037844384,649.0,710.0,716.0,0.0,691.6666666666666,618.6666666666666,0.0,168634.7,179676.1133333333,8
5099,2021,12,642.0,164995.13999999998,163.0,24264,-2.4492935982947064e-16,1.0,648.0,649.0,710.0,0.0,669.0,636.5,0.0,167227.21,173565.81333333332,8
5099,2022,1,599.0,154287.6,156.0,24265,0.49999999999999994,0.8660254037844387,642.0,648.0,649.0,702.0,646.3333333333334,670.3333333333334,628.0,164995.13999999998,166952.34999999998,8
5099,2022,2,558.0,141919.57,162.0,24266,0.8660254037844386,0.5000000000000001,599.0,642.0,648.0,618.0,629.6666666666666,660.6666666666666,619.4166666666666,154287.6,162169.9833333333,8
5099,2022,3,676.0,170922.29,181.0,24267,1.0,6.123233995736766e-17,558.0,599.0,642.0,561.0,599.6666666666666,634.3333333333334,614.4166666666666,141919.57,153734.1033333333,8
5099,2022,4,808.0,206831.93,198.0,24268,0.8660254037844387,-0.4999999999999998,676.0,558.0,599.0,653.0,611.0,628.6666666666666,624.0,170922.29,155709.81999999998,8
5099,2022,5,577.0,142842.32,130.0,24269,0.49999999999999994,-0.8660254037844387,808.0,676.0,558.0,541.0,680.6666666666666,655.1666666666666,636.9166666666666,206831.93,173224.59666666665,8
5099,2022,6,406.0,104705.43,121.0,24270,1.2246467991473532e-16,-1.0,577.0,808.0,676.0,439.0,687.0,643.3333333333334,639.9166666666666,142842.32,173532.18,8
5099,2022,7,694.0,178174.04,180.0,24271,-0.4999999999999997,-0.8660254037844388,406.0,577.0,808.0,657.0,597.0,604.0,637.1666666666666,104705.43,151459.89333333334,8
5099,2022,8,519.0,131650.63,130.0,24272,-0.8660254037844385,-0.5000000000000004,694.0,406.0,577.0,716.0,559.0,619.8333333333334,640.25,178174.04,141907.26333333334,8
5099,2022,9,345.0,86850.15,92.0,24273,-1.0,-1.8369701987210297e-16,519.0,694.0,406.0,710.0,539.6666666666666,613.3333333333334,623.8333333333334,131650.63,138176.69999999998,8
5099,2022,10,510.0,130440.13,135.0,24274,-0.8660254037844386,0.5000000000000001,345.0,519.0,694.0,649.0,519.3333333333334,558.1666666666666,593.4166666666666,86850.15,132224.93999999997,8
5099,2022,11,545.0,138965.24,154.0,24275,-0.5000000000000004,0.8660254037844384,510.0,345.0,519.0,648.0,458.0,508.5,581.8333333333334,130440.13,116313.63666666666,8
5099,2022,12,483.0,128087.91,123.0,24276,-2.4492935982947064e-16,1.0,545.0,510.0,345.0,642.0,466.6666666666667,503.1666666666667,573.25,138965.24,118751.83999999998,8
5099,2023,1,436.0,113444.29000000001,105.0,24277,0.49999999999999994,0.8660254037844387,483.0,545.0,510.0,599.0,512.6666666666666,516.0,560.0,128087.91,132497.76,8
5099,2023,2,510.0,133817.22,126.0,24278,0.8660254037844386,0.5000000000000001,436.0,483.0,545.0,558.0,488.0,473.0,546.4166666666666,113444.29000000001,126832.48,8
5099,2023,3,583.0,153342.79,160.0,24279,1.0,6.123233995736766e-17,510.0,436.0,483.0,676.0,476.3333333333333,471.5,542.4166666666666,133817.22,125116.47333333333,8
5099,2023,4,471.0,124393.07,145.0,24280,0.8660254037844387,-0.4999999999999998,583.0,510.0,436.0,808.0,509.6666666666667,511.1666666666667,534.6666666666666,153342.79,133534.76666666666,8
5099,2023,5,658.0,173928.53,149.0,24281,0.49999999999999994,-0.8660254037844387,471.0,583.0,510.0,577.0,521.3333333333334,504.6666666666667,506.5833333333333,124393.07,137184.36000000002,8
5099,2023,6,445.0,116767.89,128.0,24282,1.2246467991473532e-16,-1.0,658.0,471.0,583.0,406.0,570.6666666666666,523.5,513.3333333333334,173928.53,150554.79666666666,8
5099,2023,7,515.0,137025.41,161.0,24283,-0.4999999999999997,-0.8660254037844388,445.0,658.0,471.0,694.0,524.6666666666666,517.1666666666666,516.5833333333334,116767.89,138363.1633333333,8
5099,2023,8,493.0,130244.54,126.0,24284,-0.8660254037844385,-0.5000000000000004,515.0,445.0,658.0,519.0,539.3333333333334,530.3333333333334,501.6666666666667,137025.41,142573.94333333333,8
5099,2023,9,386.0,102589.42,193.0,24285,-1.0,-1.8369701987210297e-16,493.0,515.0,445.0,345.0,484.3333333333333,527.5,499.5,130244.54,128012.61333333333,8
5099,2023,10,568.0,149095.01,136.0,24286,-0.8660254037844386,0.5000000000000001,386.0,493.0,515.0,510.0,464.6666666666667,494.6666666666667,502.9166666666667,102589.42,123286.45666666667,8
5099,2023,11,288.0,75566.25,76.0,24287,-0.5000000000000004,0.8660254037844384,568.0,386.0,493.0,545.0,482.3333333333333,510.8333333333333,507.75,149095.01,127309.65666666666,8
5099,2023,12,731.0,190336.38,187.0,24288,-2.4492935982947064e-16,1.0,288.0,568.0,386.0,483.0,414.0,449.1666666666667,486.3333333333333,75566.25,109083.56000000001,8
5099,2024,1,392.0,104533.4,88.0,24289,0.49999999999999994,0.8660254037844387,731.0,288.0,568.0,436.0,529.0,496.8333333333333,507.0,190336.38,138332.54666666666,8
5099,2024,2,705.0,185081.49,169.0,24290,0.8660254037844386,0.5000000000000001,392.0,731.0,288.0,510.0,470.3333333333333,476.3333333333333,503.3333333333333,104533.4,123478.67666666668,8
5099,2024,3,719.0,188036.24,165.0,24291,1.0,6.123233995736766e-17,705.0,392.0,731.0,583.0,609.3333333333334,511.6666666666667,519.5833333333334,185081.49,159983.75666666668,8
5099,2024,4,787.0,205485.2,173.0,24292,0.8660254037844387,-0.4999999999999998,719.0,705.0,392.0,471.0,605.3333333333334,567.1666666666666,530.9166666666666,188036.24,159217.04333333333,8
5099,2024,5,654.0,172118.13,177.0,24293,0.49999999999999994,-0.8660254037844387,787.0,719.0,705.0,658.0,737.0,603.6666666666666,557.25,205485.2,192867.6433333333,8
5099,2024,6,538.0,143583.41,151.0,24294,1.2246467991473532e-16,-1.0,654.0,787.0,719.0,445.0,720.0,664.6666666666666,556.9166666666666,172118.13,188546.52333333332,8
5099,2024,7,405.0,109824.06,130.0,24295,-0.4999999999999997,-0.8660254037844388,538.0,654.0,787.0,515.0,659.6666666666666,632.5,564.6666666666666,143583.41,173728.91333333333,8
5099,2024,8,532.0,133438.44,147.0,24296,-0.8660254037844385,-0.5000000000000004,405.0,538.0,654.0,493.0,532.3333333333334,634.6666666666666,555.5,109824.06,141841.86666666667,8
5099,2024,9,599.0,161580.72,166.0,24297,-1.0,-1.8369701987210297e-16,532.0,405.0,538.0,386.0,491.6666666666667,605.8333333333334,558.75,133438.44,128948.63666666667,8
5099,2024,10,567.0,151728.84,149.0,24298,-0.8660254037844386,0.5000000000000001,599.0,532.0,405.0,568.0,512.0,585.8333333333334,576.5,161580.72,134947.74,8
5099,2024,11,572.0,153044.04,184.0,24299,-0.5000000000000004,0.8660254037844384,567.0,599.0,532.0,288.0,566.0,549.1666666666666,576.4166666666666,151728.84,148916.0,8
5099,2024,12,691.0,186073.21,185.0,24300,-2.4492935982947064e-16,1.0,572.0,567.0,599.0,731.0,579.3333333333334,535.5,600.0833333333334,153044.04,155451.19999999998,8
5099,2025,1,390.0,106556.89,113.0,24301,0.49999999999999994,0.8660254037844387,691.0,572.0,567.0,392.0,610.0,561.0,596.75,186073.21,163615.36333333334,8
5099,2025,2,705.0,188159.31,175.0,24302,0.8660254037844386,0.5000000000000001,390.0,691.0,572.0,705.0,551.0,558.5,596.5833333333334,106556.89,148558.04666666666,8
5099,2025,3,893.0,239136.58,209.0,24303,1.0,6.123233995736766e-17,705.0,390.0,691.0,719.0,595.3333333333334,587.3333333333334,596.5833333333334,188159.31,160263.13666666666,8
5099,2025,4,747.0,204790.77,170.0,24304,0.8660254037844387,-0.4999999999999998,893.0,705.0,390.0,787.0,662.6666666666666,636.3333333333334,611.0833333333334,239136.58,177950.92666666667,8
5099,2025,5,630.0,169846.56,241.0,24305,0.49999999999999994,-0.8660254037844387,747.0,893.0,705.0,654.0,781.6666666666666,666.3333333333334,607.75,204790.77,210695.55333333332,8
5099,2025,6,579.0,158438.15,145.0,24306,1.2246467991473532e-16,-1.0,630.0,747.0,893.0,538.0,756.6666666666666,676.0,605.75,169846.56,204591.30333333332,8
5099,2025,7,564.0,153877.51,176.0,24307,-0.4999999999999997,-0.8660254037844388,579.0,630.0,747.0,405.0,652.0,657.3333333333334,609.1666666666666,158438.15,177691.82666666666,8
5099,2025,8,431.0,116473.61,107.0,24308,-0.8660254037844385,-0.5000000000000004,564.0,579.0,630.0,532.0,591.0,686.3333333333334,622.4166666666666,153877.51,160720.74,8
5099,2025,9,610.0,166299.65,151.0,24309,-1.0,-1.8369701987210297e-16,431.0,564.0,579.0,599.0,524.6666666666666,640.6666666666666,614.0,116473.61,142929.75666666668,8
5099,2025,10,655.0,180237.21,182.0,24310,-0.8660254037844386,0.5000000000000001,610.0,431.0,564.0,567.0,535.0,593.5,614.9166666666666,166299.65,145550.25666666665,8
5099,2025,11,496.0,133342.28,125.0,24311,-0.5000000000000004,0.8660254037844384,655.0,610.0,431.0,572.0,565.3333333333334,578.1666666666666,622.25,180237.21,154336.82333333333,8
5099,2025,12,517.0,140210.88,138.0,24312,-2.4492935982947064e-16,1.0,496.0,655.0,610.0,691.0,587.0,555.8333333333334,615.9166666666666,133342.28,159959.71333333332,8
5100,2021,1,23.0,4721.64,8.0,24253,0.49999999999999994,0.8660254037844387,0.0,0.0,0.0,0.0,0.0,0.0,0.0,0.0,0.0,9
5100,2021,2,23.0,4681.52,10.0,24254,0.8660254037844386,0.5000000000000001,23.0,0.0,0.0,0.0,0.0,0.0,0.0,4721.64,0.0,9
5100,2021,3,43.0,8822.4,13.0,24255,1.0,6.123233995736766e-17,23.0,23.0,0.0,0.0,0.0,0.0,0.0,4681.52,0.0,9
5100,2021,4,28.0,5667.9,14.0,24256,0.8660254037844387,-0.4999999999999998,43.0,23.0,23.0,0.0,29.666666666666668,0.0,0.0,8822.4,6075.186666666667,9
5100,2021,5,25.0,5159.74,8.0,24257,0.49999999999999994,-0.8660254037844387,28.0,43.0,23.0,0.0,31.333333333333332,0.0,0.0,5667.9,6390.606666666667,9
5100,2021,6,27.0,5352.46,13.0,24258,1.2246467991473532e-16,-1.0,25.0,28.0,43.0,0.0,32.0,0.0,0.0,5159.74,6550.013333333333,9
5100,2021,7,33.0,7027.33,12.0,24259,-0.4999999999999997,-0.8660254037844388,27.0,25.0,28.0,0.0,26.666666666666668,28.166666666666668,0.0,5352.46,5393.366666666666,9
5100,2021,8,28.0,6098.53,14.0,24260,-0.8660254037844385,-0.5000000000000004,33.0,27.0,25.0,0.0,28.333333333333332,29.833333333333332,0.0,7027.33,5846.509999999999,9
5100,2021,9,33.0,6689.33,11.0,24261,-1.0,-1.8369701987210297e-16,28.0,33.0,27.0,0.0,29.333333333333332,30.666666666666668,0.0,6098.53,6159.44,9
5100,2021,10,21.0,3880.45,10.0,24262,-0.8660254037844386,0.5000000000000001,33.0,28.0,33.0,0.0,31.333333333333332,29.0,0.0,6689.33,6605.063333333334,9
5100,2021,11,30.0,6003.39,12.0,24263,-0.5000000000000004,0.8660254037844384,21.0,33.0,28.0,0.0,27.333333333333332,27.833333333333332,0.0,3880.45,5556.103333333333,9
5100,2021,12,40.0,8121.360000000001,11.0,24264,-2.4492935982947064e-16,1.0,30.0,21.0,33.0,0.0,28.0,28.666666666666668,0.0,6003.39,5524.389999999999,9
5100,2022,1,16.0,3204.4900000000002,7.0,24265,0.49999999999999994,0.8660254037844387,40.0,30.0,21.0,23.0,30.333333333333332,30.833333333333332,29.5,8121.360000000001,6001.733333333334,9
5100,2022,2,78.0,16107.56,28.0,24266,0.8660254037844386,0.5000000000000001,16.0,40.0,30.0,23.0,28.666666666666668,28.0,28.916666666666668,3204.4900000000002,5776.413333333334,9
5100,2022,3,42.0,8632.23,17.0,24267,1.0,6.123233995736766e-17,78.0,16.0,40.0,43.0,44.666666666666664,36.333333333333336,33.5,16107.56,9144.47,9
5100,2022,4,40.0,8289.1,16.0,24268,0.8660254037844387,-0.4999999999999998,42.0,78.0,16.0,28.0,45.333333333333336,37.833333333333336,33.416666666666664,8632.23,9314.76,9
5100,2022,5,14.0,3064.3,9.0,24269,0.49999999999999994,-0.8660254037844387,40.0,42.0,78.0,25.0,53.333333333333336,41.0,34.416666666666664,8289.1,11009.63,9
5100,2022,6,28.0,6086.03,8.0,24270,1.2246467991473532e-16,-1.0,14.0,40.0,42.0,27.0,32.0,38.333333333333336,33.5,3064.3,6661.876666666667,9
5100,2022,7,46.0,9345.56,17.0,24271,-0.4999999999999997,-0.8660254037844388,28.0,14.0,40.0,33.0,27.333333333333332,36.333333333333336,33.583333333333336,6086.03,5813.143333333333,9
5100,2022,8,45.0,9433.27,16.0,24272,-0.8660254037844385,-0.5000000000000004,46.0,28.0,14.0,28.0,29.333333333333332,41.333333333333336,34.666666666666664,9345.56,6165.296666666666,9
5100,2022,9,32.0,6457.85,12.0,24273,-1.0,-1.8369701987210297e-16,45.0,46.0,28.0,33.0,39.666666666666664,35.833333333333336,36.083333333333336,9433.27,8288.286666666667,9
5100,2022,10,25.0,5517.69,12.0,24274,-0.8660254037844386,0.5000000000000001,32.0,45.0,46.0,21.0,41.0,34.166666666666664,36.0,6457.85,8412.226666666667,9
5100,2022,11,25.0,5119.64,11.0,24275,-0.5000000000000004,0.8660254037844384,25.0,32.0,45.0,30.0,34.0,31.666666666666668,36.333333333333336,5517.69,7136.27,9
5100,2022,12,23.0,4664.04,8.0,24276,-2.4492935982947064e-16,1.0,25.0,25.0,32.0,40.0,27.333333333333332,33.5,35.916666666666664,5119.64,5698.393333333333,9
5100,2023,1,29.0,6178.19,10.0,24277,0.49999999999999994,0.8660254037844387,23.0,25.0,25.0,16.0,24.333333333333332,32.666666666666664,34.5,4664.04,5100.456666666666,9
5100,2023,2,38.0,7972.93,14.0,24278,0.8660254037844386,0.5000000000000001,29.0,23.0,25.0,78.0,25.666666666666668,29.833333333333332,35.583333333333336,6178.19,5320.623333333334,9
5100,2023,3,48.0,9625.720000000001,14.0,24279,1.0,6.123233995736766e-17,38.0,29.0,23.0,42.0,30.0,28.666666666666668,32.25,7972.93,6271.72,9
5100,2023,4,37.0,7691.83,14.0,24280,0.8660254037844387,-0.4999999999999998,48.0,38.0,29.0,40.0,38.333333333333336,31.333333333333332,32.75,9625.720000000001,7925.613333333334,9
5100,2023,5,86.0,18282.0,23.0,24281,0.49999999999999994,-0.8660254037844387,37.0,48.0,38.0,14.0,41.0,33.333333333333336,32.5,7691.83,8430.160000000002,9
5100,2023,6,30.0,6374.18,16.0,24282,1.2246467991473532e-16,-1.0,86.0,37.0,48.0,28.0,57.0,43.5,38.5,18282.0,11866.516666666668,9
5100,2023,7,59.0,12624.64,22.0,24283,-0.4999999999999997,-0.8660254037844388,30.0,86.0,37.0,46.0,51.0,44.666666666666664,38.666666666666664,6374.18,10782.67,9
5100,2023,8,51.0,10806.73,21.0,24284,-0.8660254037844385,-0.5000000000000004,59.0,30.0,86.0,45.0,58.333333333333336,49.666666666666664,39.75,12624.64,12426.94,9
5100,2023,9,39.0,8284.84,19.0,24285,-1.0,-1.8369701987210297e-16,51.0,59.0,30.0,32.0,46.666666666666664,51.833333333333336,40.25,10806.73,9935.183333333332,9
5100,2023,10,31.0,6276.28,12.0,24286,-0.8660254037844386,0.5000000000000001,39.0,51.0,59.0,25.0,49.666666666666664,50.333333333333336,40.833333333333336,8284.84,10572.07,9
5100,2023,11,22.0,4754.88,10.0,24287,-0.5000000000000004,0.8660254037844384,31.0,39.0,51.0,25.0,40.333333333333336,49.333333333333336,41.333333333333336,6276.28,8455.949999999999,9
5100,2023,12,64.0,12987.01,22.0,24288,-2.4492935982947064e-16,1.0,22.0,31.0,39.0,23.0,30.666666666666668,38.666666666666664,41.083333333333336,4754.88,6438.666666666667,9
5100,2024,1,32.0,7011.77,14.0,24289,0.49999999999999994,0.8660254037844387,64.0,22.0,31.0,29.0,39.0,44.333333333333336,44.5,12987.01,8006.056666666666,9
5100,2024,2,68.0,14562.76,24.0,24290,0.8660254037844386,0.5000000000000001,32.0,64.0,22.0,38.0,39.333333333333336,39.833333333333336,44.75,7011.77,8251.220000000001,9
5100,2024,3,36.0,7614.09,15.0,24291,1.0,6.123233995736766e-17,68.0,32.0,64.0,48.0,54.666666666666664,42.666666666666664,47.25,14562.76,11520.513333333334,9
5100,2024,4,70.0,14767.84,18.0,24292,0.8660254037844387,-0.4999999999999998,36.0,68.0,32.0,37.0,45.333333333333336,42.166666666666664,46.25,7614.09,9729.539999999999,9
5100,2024,5,67.0,14128.66,24.0,24293,0.49999999999999994,-0.8660254037844387,70.0,36.0,68.0,86.0,58.0,48.666666666666664,49.0,14767.84,12314.896666666667,9
5100,2024,6,34.0,7648.22,15.0,24294,1.2246467991473532e-16,-1.0,67.0,70.0,36.0,30.0,57.666666666666664,56.166666666666664,47.416666666666664,14128.66,12170.196666666665,9
5100,2024,7,53.0,11051.630000000001,17.0,24295,-0.4999999999999997,-0.8660254037844388,34.0,67.0,70.0,59.0,57.0,51.166666666666664,47.75,7648.22,12181.573333333334,9
5100,2024,8,64.0,13284.44,23.0,24296,-0.8660254037844385,-0.5000000000000004,53.0,34.0,67.0,51.0,51.333333333333336,54.666666666666664,47.25,11051.630000000001,10942.836666666668,9
5100,2024,9,51.0,10697.83,22.0,24297,-1.0,-1.8369701987210297e-16,64.0,53.0,34.0,39.0,50.333333333333336,54.0,48.333333333333336,13284.44,10661.43,9
5100,2024,10,44.0,9439.39,14.0,24298,-0.8660254037844386,0.5000000000000001,51.0,64.0,53.0,31.0,56.0,56.5,49.333333333333336,10697.83,11677.966666666667,9
5100,2024,11,60.0,11595.29,58.0,24299,-0.5000000000000004,0.8660254037844384,44.0,51.0,64.0,22.0,53.0,52.166666666666664,50.416666666666664,9439.39,11140.553333333335,9
5100,2024,12,132.0,28200.07,37.0,24300,-2.4492935982947064e-16,1.0,60.0,44.0,51.0,64.0,51.666666666666664,51.0,53.583333333333336,11595.29,10577.503333333332,9
5100,2025,1,52.0,11053.19,17.0,24301,0.49999999999999994,0.8660254037844387,132.0,60.0,44.0,32.0,78.66666666666667,67.33333333333333,59.25,28200.07,16411.583333333332,9
5100,2025,2,56.0,11831.23,18.0,24302,0.8660254037844386,0.5000000000000001,52.0,132.0,60.0,68.0,81.33333333333333,67.16666666666667,60.916666666666664,11053.19,16949.516666666666,9
5100,2025,3,85.0,18621.46,25.0,24303,1.0,6.123233995736766e-17,56.0,52.0,132.0,36.0,80.0,65.83333333333333,59.916666666666664,11831.23,17028.163333333334,9
5100,2025,4,76.0,16493.87,21.0,24304,0.8660254037844387,-0.4999999999999998,85.0,56.0,52.0,70.0,64.33333333333333,71.5,64.0,18621.46,13835.293333333333,9
5100,2025,5,65.0,13518.41,29.0,24305,0.49999999999999994,-0.8660254037844387,76.0,85.0,56.0,67.0,72.33333333333333,76.83333333333333,64.5,16493.87,15648.853333333333,9
5100,2025,6,72.0,15677.55,24.0,24306,1.2246467991473532e-16,-1.0,65.0,76.0,85.0,34.0,75.33333333333333,77.66666666666667,64.33333333333333,13518.41,16211.246666666666,9
5100,2025,7,52.0,10948.9,27.0,24307,-0.4999999999999997,-0.8660254037844388,72.0,65.0,76.0,53.0,71.0,67.66666666666667,67.5,15677.55,15229.943333333335,9
5100,2025,8,55.0,11686.34,17.0,24308,-0.8660254037844385,-0.5000000000000004,52.0,72.0,65.0,64.0,63.0,67.66666666666667,67.41666666666667,10948.9,13381.62,9
5100,2025,9,54.0,11552.22,14.0,24309,-1.0,-1.8369701987210297e-16,55.0,52.0,72.0,51.0,59.666666666666664,67.5,66.66666666666667,11686.34,12770.93,9
5100,2025,10,84.0,17513.32,27.0,24310,-0.8660254037844386,0.5000000000000001,54.0,55.0,52.0,44.0,53.666666666666664,62.333333333333336,66.91666666666667,11552.22,11395.82,9
5100,2025,11,31.0,6803.65,14.0,24311,-0.5000000000000004,0.8660254037844384,84.0,54.0,55.0,60.0,64.33333333333333,63.666666666666664,70.25,17513.32,13583.96,9
5100,2025,12,42.0,8959.08,18.0,24312,-2.4492935982947064e-16,1.0,31.0,84.0,54.0,132.0,56.333333333333336,58.0,67.83333333333333,6803.65,11956.396666666667,9
5102,2021,1,9.0,2971.16,4.0,24253,0.49999999999999994,0.8660254037844387,0.0,0.0,0.0,0.0,0.0,0.0,0.0,0.0,0.0,10
5102,2021,2,25.0,8923.28,12.0,24254,0.8660254037844386,0.5000000000000001,9.0,0.0,0.0,0.0,0.0,0.0,0.0,2971.16,0.0,10
5102,2021,3,13.0,4629.52,9.0,24255,1.0,6.123233995736766e-17,25.0,9.0,0.0,0.0,0.0,0.0,0.0,8923.28,0.0,10
5102,2021,4,13.0,4656.43,6.0,24256,0.8660254037844387,-0.4999999999999998,13.0,25.0,9.0,0.0,15.666666666666666,0.0,0.0,4629.52,5507.986666666667,10
5102,2021,5,14.0,5054.87,9.0,24257,0.49999999999999994,-0.8660254037844387,13.0,13.0,25.0,0.0,17.0,0.0,0.0,4656.43,6069.743333333335,10
5102,2021,6,24.0,8797.94,13.0,24258,1.2246467991473532e-16,-1.0,14.0,13.0,13.0,0.0,13.333333333333334,0.0,0.0,5054.87,4780.2733333333335,10
5102,2021,7,20.0,8137.53,14.0,24259,-0.4999999999999997,-0.8660254037844388,24.0,14.0,13.0,0.0,17.0,16.333333333333332,0.0,8797.94,6169.746666666667,10
5102,2021,8,30.0,11210.9,15.0,24260,-0.8660254037844385,-0.5000000000000004,20.0,24.0,14.0,0.0,19.333333333333332,18.166666666666668,0.0,8137.53,7330.113333333334,10
5102,2021,9,13.0,4987.73,8.0,24261,-1.0,-1.8369701987210297e-16,30.0,20.0,24.0,0.0,24.666666666666668,19.0,0.0,11210.9,9382.123333333335,10
5102,2021,10,28.0,9729.23,13.0,24262,-0.8660254037844386,0.5000000000000001,13.0,30.0,20.0,0.0,21.0,19.0,0.0,4987.73,8112.053333333333,10
5102,2021,11,19.0,6680.17,5.0,24263,-0.5000000000000004,0.8660254037844384,28.0,13.0,30.0,0.0,23.666666666666668,21.5,0.0,9729.23,8642.62,10
5102,2021,12,13.0,4701.18,8.0,24264,-2.4492935982947064e-16,1.0,19.0,28.0,13.0,0.0,20.0,22.333333333333332,0.0,6680.17,7132.376666666666,10
5102,2022,1,21.0,7580.1,11.0,24265,0.49999999999999994,0.8660254037844387,13.0,19.0,28.0,9.0,20.0,20.5,18.416666666666668,4701.18,7036.860000000001,10
5102,2022,2,37.0,13145.39,19.0,24266,0.8660254037844386,0.5000000000000001,21.0,13.0,19.0,25.0,17.666666666666668,20.666666666666668,19.416666666666668,7580.1,6320.483333333334,10
5102,2022,3,20.0,7848.71,12.0,24267,1.0,6.123233995736766e-17,37.0,21.0,13.0,13.0,23.666666666666668,21.833333333333332,20.416666666666668,13145.39,8475.556666666665,10
5102,2022,4,38.0,13790.13,12.0,24268,0.8660254037844387,-0.4999999999999998,20.0,37.0,21.0,13.0,26.0,23.0,21.0,7848.71,9524.733333333334,10
5102,2022,5,7.0,2180.45,5.0,24269,0.49999999999999994,-0.8660254037844387,38.0,20.0,37.0,14.0,31.666666666666668,24.666666666666668,23.083333333333332,13790.13,11594.743333333332,10
5102,2022,6,15.0,5135.47,9.0,24270,1.2246467991473532e-16,-1.0,7.0,38.0,20.0,24.0,21.666666666666668,22.666666666666668,22.5,2180.45,7939.763333333332,10
5102,2022,7,26.0,8972.54,14.0,24271,-0.4999999999999997,-0.8660254037844388,15.0,7.0,38.0,20.0,20.0,23.0,21.75,5135.47,7035.3499999999985,10
5102,2022,8,25.0,9026.279999999999,12.0,24272,-0.8660254037844385,-0.5000000000000004,26.0,15.0,7.0,30.0,16.0,23.833333333333332,22.25,8972.54,5429.486666666667,10
5102,2022,9,28.0,9805.32,9.0,24273,-1.0,-1.8369701987210297e-16,25.0,26.0,15.0,13.0,22.0,21.833333333333332,21.833333333333332,9026.279999999999,7711.43,10
5102,2022,10,22.0,7512.94,12.0,24274,-0.8660254037844386,0.5000000000000001,28.0,25.0,26.0,28.0,26.333333333333332,23.166666666666668,23.083333333333332,9805.32,9268.046666666667,10
5102,2022,11,31.0,11157.470000000001,10.0,24275,-0.5000000000000004,0.8660254037844384,22.0,28.0,25.0,19.0,25.0,20.5,22.583333333333332,7512.94,8781.513333333332,10
5102,2022,12,17.0,5941.37,7.0,24276,-2.4492935982947064e-16,1.0,31.0,22.0,28.0,13.0,27.0,24.5,23.583333333333332,11157.470000000001,9491.91,10
5102,2023,1,13.0,4827.09,10.0,24277,0.49999999999999994,0.8660254037844387,17.0,31.0,22.0,21.0,23.333333333333332,24.833333333333332,23.916666666666668,5941.37,8203.926666666666,10
5102,2023,2,34.0,11761.539999999999,14.0,24278,0.8660254037844386,0.5000000000000001,13.0,17.0,31.0,37.0,20.333333333333332,22.666666666666668,23.25,4827.09,7308.643333333333,10
5102,2023,3,24.0,8517.09,13.0,24279,1.0,6.123233995736766e-17,34.0,13.0,17.0,20.0,21.333333333333332,24.166666666666668,23.0,11761.539999999999,7510.0,10
5102,2023,4,23.0,8900.720000000001,13.0,24280,0.8660254037844387,-0.4999999999999998,24.0,34.0,13.0,38.0,23.666666666666668,23.5,23.333333333333332,8517.09,8368.573333333334,10
5102,2023,5,32.0,11398.77,15.0,24281,0.49999999999999994,-0.8660254037844387,23.0,24.0,34.0,7.0,27.0,23.666666666666668,22.083333333333332,8900.720000000001,9726.45,10
5102,2023,6,16.0,5904.9,9.0,24282,1.2246467991473532e-16,-1.0,32.0,23.0,24.0,15.0,26.333333333333332,23.833333333333332,24.166666666666668,11398.77,9605.526666666667,10
5102,2023,7,20.0,7215.53,10.0,24283,-0.4999999999999997,-0.8660254037844388,16.0,32.0,23.0,26.0,23.666666666666668,23.666666666666668,24.25,5904.9,8734.796666666667,10
5102,2023,8,23.0,8211.14,10.0,24284,-0.8660254037844385,-0.5000000000000004,20.0,16.0,32.0,25.0,22.666666666666668,24.833333333333332,23.75,7215.53,8173.066666666667,10
5102,2023,9,15.0,5744.83,11.0,24285,-1.0,-1.8369701987210297e-16,23.0,20.0,16.0,28.0,19.666666666666668,23.0,23.583333333333332,8211.14,7110.5233333333335,10
5102,2023,10,12.0,4361.34,6.0,24286,-0.8660254037844386,0.5000000000000001,15.0,23.0,20.0,22.0,19.333333333333332,21.5,22.5,5744.83,7057.166666666667,10
5102,2023,11,6.0,2196.6400000000003,3.0,24287,-0.5000000000000004,0.8660254037844384,12.0,15.0,23.0,31.0,16.666666666666668,19.666666666666668,21.666666666666668,4361.34,6105.77,10
5102,2023,12,26.0,9613.15,10.0,24288,-2.4492935982947064e-16,1.0,6.0,12.0,15.0,17.0,11.0,15.333333333333334,19.583333333333332,2196.6400000000003,4100.936666666667,10
5102,2024,1,14.0,5440.42,8.0,24289,0.49999999999999994,0.8660254037844387,26.0,6.0,12.0,13.0,14.666666666666666,17.0,20.333333333333332,9613.15,5390.376666666668,10
5102,2024,2,36.0,13541.6,17.0,24290,0.8660254037844386,0.5000000000000001,14.0,26.0,6.0,34.0,15.333333333333334,16.0,20.416666666666668,5440.42,5750.070000000001,10
5102,2024,3,26.0,9588.369999999999,11.0,24291,1.0,6.123233995736766e-17,36.0,14.0,26.0,24.0,25.333333333333332,18.166666666666668,20.583333333333332,13541.6,9531.723333333335,10
5102,2024,4,25.0,9659.64,13.0,24292,0.8660254037844387,-0.4999999999999998,26.0,36.0,14.0,23.0,25.333333333333332,20.0,20.75,9588.369999999999,9523.463333333333,10
5102,2024,5,25.0,9407.92,13.0,24293,0.49999999999999994,-0.8660254037844387,25.0,26.0,36.0,32.0,29.0,22.166666666666668,20.916666666666668,9659.64,10929.87,10
5102,2024,6,15.0,5967.8099999999995,10.0,24294,1.2246467991473532e-16,-1.0,25.0,25.0,26.0,16.0,25.333333333333332,25.333333333333332,20.333333333333332,9407.92,9551.976666666667,10
5102,2024,7,41.0,15964.86,14.0,24295,-0.4999999999999997,-0.8660254037844388,15.0,25.0,25.0,20.0,21.666666666666668,23.5,20.25,5967.8099999999995,8345.123333333335,10
5102,2024,8,12.0,4542.39,6.0,24296,-0.8660254037844385,-0.5000000000000004,41.0,15.0,25.0,23.0,27.0,28.0,22.0,15964.86,10446.863333333335,10
5102,2024,9,19.0,7250.7300000000005,9.0,24297,-1.0,-1.8369701987210297e-16,12.0,41.0,15.0,15.0,22.666666666666668,24.0,21.083333333333332,4542.39,8825.020000000002,10
5102,2024,10,31.0,11422.46,13.0,24298,-0.8660254037844386,0.5000000000000001,19.0,12.0,41.0,12.0,24.0,22.833333333333332,21.416666666666668,7250.7300000000005,9252.660000000002,10
5102,2024,11,22.0,8578.76,18.0,24299,-0.5000000000000004,0.8660254037844384,31.0,19.0,12.0,6.0,20.666666666666668,23.833333333333332,23.0,11422.46,7738.526666666668,10
5102,2024,12,35.0,13408.54,19.0,24300,-2.4492935982947064e-16,1.0,22.0,31.0,19.0,26.0,24.0,23.333333333333332,24.333333333333332,8578.76,9083.983333333335,10
5102,2025,1,5.0,1938.6200000000001,5.0,24301,0.49999999999999994,0.8660254037844387,35.0,22.0,31.0,14.0,29.333333333333332,26.666666666666668,25.083333333333332,13408.54,11136.586666666668,10
5102,2025,2,37.0,14250.03,17.0,24302,0.8660254037844386,0.5000000000000001,5.0,35.0,22.0,36.0,20.666666666666668,20.666666666666668,24.333333333333332,1938.6200000000001,7975.306666666667,10
5102,2025,3,34.0,13284.44,23.0,24303,1.0,6.123233995736766e-17,37.0,5.0,35.0,26.0,25.666666666666668,24.833333333333332,24.416666666666668,14250.03,9865.730000000001,10
5102,2025,4,44.0,15853.189999999999,16.0,24304,0.8660254037844387,-0.4999999999999998,34.0,37.0,5.0,25.0,25.333333333333332,27.333333333333332,25.083333333333332,13284.44,9824.363333333335,10
5102,2025,5,15.0,6267.47,10.0,24305,0.49999999999999994,-0.8660254037844387,44.0,34.0,37.0,25.0,38.333333333333336,29.5,26.666666666666668,15853.189999999999,14462.553333333335,10
5102,2025,6,17.0,6431.41,7.0,24306,1.2246467991473532e-16,-1.0,15.0,44.0,34.0,15.0,31.0,28.333333333333332,25.833333333333332,6267.47,11801.699999999999,10
5102,2025,7,22.0,8442.72,16.0,24307,-0.4999999999999997,-0.8660254037844388,17.0,15.0,44.0,41.0,25.333333333333332,25.333333333333332,26.0,6431.41,9517.356666666667,10
5102,2025,8,23.0,8922.53,12.0,24308,-0.8660254037844385,-0.5000000000000004,22.0,17.0,15.0,12.0,18.0,28.166666666666668,24.416666666666668,8442.72,7047.2,10
5102,2025,9,6.0,2486.3,6.0,24309,-1.0,-1.8369701987210297e-16,23.0,22.0,17.0,19.0,20.666666666666668,25.833333333333332,25.333333333333332,8922.53,7932.22,10
5102,2025,10,40.0,15310.59,19.0,24310,-0.8660254037844386,0.5000000000000001,6.0,23.0,22.0,31.0,17.0,21.166666666666668,24.25,2486.3,6617.183333333333,10
5102,2025,11,22.0,8510.57,11.0,24311,-0.5000000000000004,0.8660254037844384,40.0,6.0,23.0,22.0,23.0,20.5,25.0,15310.59,8906.473333333333,10
5102,2025,12,13.0,4991.9400000000005,9.0,24312,-2.4492935982947064e-16,1.0,22.0,40.0,6.0,35.0,22.666666666666668,21.666666666666668,25.0,8510.57,8769.153333333334,10
5103,2021,1,97.0,72940.76,40.0,24253,0.49999999999999994,0.8660254037844387,0.0,0.0,0.0,0.0,0.0,0.0,0.0,0.0,0.0,11
5103,2021,2,80.0,62540.1,41.0,24254,0.8660254037844386,0.5000000000000001,97.0,0.0,0.0,0.0,0.0,0.0,0.0,72940.76,0.0,11
5103,2021,3,91.0,70426.88,44.0,24255,1.0,6.123233995736766e-17,80.0,97.0,0.0,0.0,0.0,0.0,0.0,62540.1,0.0,11
5103,2021,4,79.0,63222.52,41.0,24256,0.8660254037844387,-0.4999999999999998,91.0,80.0,97.0,0.0,89.33333333333333,0.0,0.0,70426.88,68635.91333333333,11
5103,2021,5,101.0,79214.96,38.0,24257,0.49999999999999994,-0.8660254037844387,79.0,91.0,80.0,0.0,83.33333333333333,0.0,0.0,63222.52,65396.5,11
5103,2021,6,117.0,89122.25,43.0,24258,1.2246467991473532e-16,-1.0,101.0,79.0,91.0,0.0,90.33333333333333,0.0,0.0,79214.96,70954.78666666667,11
5103,2021,7,116.0,87082.16,54.0,24259,-0.4999999999999997,-0.8660254037844388,117.0,101.0,79.0,0.0,99.0,94.16666666666667,0.0,89122.25,77186.57666666668,11
5103,2021,8,101.0,77477.75,45.0,24260,-0.8660254037844385,-0.5000000000000004,116.0,117.0,101.0,0.0,111.33333333333333,97.33333333333333,0.0,87082.16,85139.79000000001,11
5103,2021,9,101.0,79714.01,48.0,24261,-1.0,-1.8369701987210297e-16,101.0,116.0,117.0,0.0,111.33333333333333,100.83333333333333,0.0,77477.75,84560.72,11
5103,2021,10,98.0,75847.62,44.0,24262,-0.8660254037844386,0.5000000000000001,101.0,101.0,116.0,0.0,106.0,102.5,0.0,79714.01,81424.64,11
5103,2021,11,97.0,71079.42,41.0,24263,-0.5000000000000004,0.8660254037844384,98.0,101.0,101.0,0.0,100.0,105.66666666666667,0.0,75847.62,77679.79333333333,11
5103,2021,12,89.0,65886.11,35.0,24264,-2.4492935982947064e-16,1.0,97.0,98.0,101.0,0.0,98.66666666666667,105.0,0.0,71079.42,75547.01666666666,11
5103,2022,1,130.0,99834.14,56.0,24265,0.49999999999999994,0.8660254037844387,89.0,97.0,98.0,97.0,94.66666666666667,100.33333333333333,97.25,65886.11,70937.71666666666,11
5103,2022,2,87.0,68463.93000000001,44.0,24266,0.8660254037844386,0.5000000000000001,130.0,89.0,97.0,80.0,105.33333333333333,102.66666666666667,100.0,99834.14,78933.22333333333,11
5103,2022,3,122.0,91913.03,48.0,24267,1.0,6.123233995736766e-17,87.0,130.0,89.0,91.0,102.0,100.33333333333333,100.58333333333333,68463.93000000001,78061.39333333333,11
5103,2022,4,117.0,88447.23,44.0,24268,0.8660254037844387,-0.4999999999999998,122.0,87.0,130.0,79.0,113.0,103.83333333333333,103.16666666666667,91913.03,86737.03333333334,11
5103,2022,5,104.0,79010.17,36.0,24269,0.49999999999999994,-0.8660254037844387,117.0,122.0,87.0,101.0,108.66666666666667,107.0,106.33333333333333,88447.23,82941.39666666667,11
5103,2022,6,54.0,41495.29,29.0,24270,1.2246467991473532e-16,-1.0,104.0,117.0,122.0,117.0,114.33333333333333,108.16666666666667,106.58333333333333,79010.17,86456.81,11
5103,2022,7,88.0,67731.7,52.0,24271,-0.4999999999999997,-0.8660254037844388,54.0,104.0,117.0,116.0,91.66666666666667,102.33333333333333,101.33333333333333,41495.29,69650.89666666665,11
5103,2022,8,91.0,68316.17,41.0,24272,-0.8660254037844385,-0.5000000000000004,88.0,54.0,104.0,101.0,82.0,95.33333333333333,99.0,67731.7,62745.72,11
5103,2022,9,111.0,83304.47,39.0,24273,-1.0,-1.8369701987210297e-16,91.0,88.0,54.0,101.0,77.66666666666667,96.0,98.16666666666667,68316.17,59181.05333333334,11
5103,2022,10,121.0,92641.64,40.0,24274,-0.8660254037844386,0.5000000000000001,111.0,91.0,88.0,98.0,96.66666666666667,94.16666666666667,99.0,83304.47,73117.44666666667,11
5103,2022,11,64.0,48737.590000000004,34.0,24275,-0.5000000000000004,0.8660254037844384,121.0,111.0,91.0,97.0,107.66666666666667,94.83333333333333,100.91666666666667,92641.64,81420.76000000001,11
5103,2022,12,63.0,49722.29,29.0,24276,-2.4492935982947064e-16,1.0,64.0,121.0,111.0,89.0,98.66666666666667,88.16666666666667,98.16666666666667,48737.590000000004,74894.56666666668,11
5103,2023,1,88.0,68916.67,24.0,24277,0.49999999999999994,0.8660254037844387,63.0,64.0,121.0,130.0,82.66666666666667,89.66666666666667,96.0,49722.29,63700.506666666675,11
5103,2023,2,60.0,47309.02,34.0,24278,0.8660254037844386,0.5000000000000001,88.0,63.0,64.0,87.0,71.66666666666667,89.66666666666667,92.5,68916.67,55792.18333333334,11
5103,2023,3,105.0,80404.7,35.0,24279,1.0,6.123233995736766e-17,60.0,88.0,63.0,122.0,70.33333333333333,84.5,90.25,47309.02,55315.99333333334,11
5103,2023,4,77.0,60797.81,36.0,24280,0.8660254037844387,-0.4999999999999998,105.0,60.0,88.0,117.0,84.33333333333333,83.5,88.83333333333333,80404.7,65543.46333333333,11
5103,2023,5,87.0,69700.81,40.0,24281,0.49999999999999994,-0.8660254037844387,77.0,105.0,60.0,104.0,80.66666666666667,76.16666666666667,85.5,60797.81,62837.17666666667,11
5103,2023,6,147.0,114087.67,50.0,24282,1.2246467991473532e-16,-1.0,87.0,77.0,105.0,54.0,89.66666666666667,80.0,84.08333333333333,69700.81,70301.10666666667,11
5103,2023,7,71.0,57904.48,36.0,24283,-0.4999999999999997,-0.8660254037844388,147.0,87.0,77.0,88.0,103.66666666666667,94.0,91.83333333333333,114087.67,81528.76333333334,11
5103,2023,8,80.0,64477.12,35.0,24284,-0.8660254037844385,-0.5000000000000004,71.0,147.0,87.0,91.0,101.66666666666667,91.16666666666667,90.41666666666667,57904.48,80564.32,11
5103,2023,9,59.0,45571.24,29.0,24285,-1.0,-1.8369701987210297e-16,80.0,71.0,147.0,111.0,99.33333333333333,94.5,89.5,64477.12,78823.09000000001,11
5103,2023,10,124.0,96401.23,43.0,24286,-0.8660254037844386,0.5000000000000001,59.0,80.0,71.0,121.0,70.0,86.83333333333333,85.16666666666667,45571.24,55984.280000000006,11
5103,2023,11,56.0,45553.98,32.0,24287,-0.5000000000000004,0.8660254037844384,124.0,59.0,80.0,64.0,87.66666666666667,94.66666666666667,85.41666666666667,96401.23,68816.53,11
5103,2023,12,113.0,87029.64,46.0,24288,-2.4492935982947064e-16,1.0,56.0,124.0,59.0,63.0,79.66666666666667,89.5,84.75,45553.98,62508.81666666667,11
5103,2024,1,29.0,24127.78,13.0,24289,0.49999999999999994,0.8660254037844387,113.0,56.0,124.0,88.0,97.66666666666667,83.83333333333333,88.91666666666667,87029.64,76328.28333333334,11
5103,2024,2,116.0,91747.28,52.0,24290,0.8660254037844386,0.5000000000000001,29.0,113.0,56.0,60.0,66.0,76.83333333333333,84.0,24127.78,52237.13333333333,11
5103,2024,3,74.0,58397.77,37.0,24291,1.0,6.123233995736766e-17,116.0,29.0,113.0,105.0,86.0,82.83333333333333,88.66666666666667,91747.28,67634.9,11
5103,2024,4,113.0,90784.31,55.0,24292,0.8660254037844387,-0.4999999999999998,74.0,116.0,29.0,77.0,73.0,85.33333333333333,86.08333333333333,58397.77,58090.94333333333,11
5103,2024,5,129.0,103950.2,58.0,24293,0.49999999999999994,-0.8660254037844387,113.0,74.0,116.0,87.0,101.0,83.5,89.08333333333333,90784.31,80309.78666666667,11
5103,2024,6,89.0,70186.23,38.0,24294,1.2246467991473532e-16,-1.0,129.0,113.0,74.0,147.0,105.33333333333333,95.66666666666667,92.58333333333333,103950.2,84377.42666666665,11
5103,2024,7,78.0,61960.2,35.0,24295,-0.4999999999999997,-0.8660254037844388,89.0,129.0,113.0,71.0,110.33333333333333,91.66666666666667,87.75,70186.23,88306.91333333333,11
5103,2024,8,108.0,87016.75,49.0,24296,-0.8660254037844385,-0.5000000000000004,78.0,89.0,129.0,80.0,98.66666666666667,99.83333333333333,88.33333333333333,61960.2,78698.87666666666,11
5103,2024,9,100.0,80780.35,51.0,24297,-1.0,-1.8369701987210297e-16,108.0,78.0,89.0,59.0,91.66666666666667,98.5,90.66666666666667,87016.75,73054.39333333333,11
5103,2024,10,84.0,67965.35,38.0,24298,-0.8660254037844386,0.5000000000000001,100.0,108.0,78.0,124.0,95.33333333333333,102.83333333333333,94.08333333333333,80780.35,76585.76666666666,11
5103,2024,11,96.0,75234.35,50.0,24299,-0.5000000000000004,0.8660254037844384,84.0,100.0,108.0,56.0,97.33333333333333,98.0,90.75,67965.35,78587.48333333334,11
5103,2024,12,166.0,128415.29,61.0,24300,-2.4492935982947064e-16,1.0,96.0,84.0,100.0,113.0,93.33333333333333,92.5,94.08333333333333,75234.35,74660.01666666666,11
5103,2025,1,60.0,48999.96,28.0,24301,0.49999999999999994,0.8660254037844387,166.0,96.0,84.0,29.0,115.33333333333333,105.33333333333333,98.5,128415.29,90538.33,11
5103,2025,2,112.0,88650.33,43.0,24302,0.8660254037844386,0.5000000000000001,60.0,166.0,96.0,116.0,107.33333333333333,102.33333333333333,101.08333333333333,48999.96,84216.53333333333,11
5103,2025,3,109.0,89139.29,54.0,24303,1.0,6.123233995736766e-17,112.0,60.0,166.0,74.0,112.66666666666667,103.0,100.75,88650.33,88688.52666666667,11
5103,2025,4,120.0,94892.26,37.0,24304,0.8660254037844387,-0.4999999999999998,109.0,112.0,60.0,113.0,93.66666666666667,104.5,103.66666666666667,89139.29,75596.52666666667,11
5103,2025,5,119.0,95523.44,51.0,24305,0.49999999999999994,-0.8660254037844387,120.0,109.0,112.0,129.0,113.66666666666667,110.5,104.25,94892.26,90893.96,11
5103,2025,6,51.0,41689.12,24.0,24306,1.2246467991473532e-16,-1.0,119.0,120.0,109.0,89.0,116.0,114.33333333333333,103.41666666666667,95523.44,93184.99666666666,11
5103,2025,7,132.0,103206.92,45.0,24307,-0.4999999999999997,-0.8660254037844388,51.0,119.0,120.0,78.0,96.66666666666667,95.16666666666667,100.25,41689.12,77368.27333333333,11
5103,2025,8,61.0,49444.8,26.0,24308,-0.8660254037844385,-0.5000000000000004,132.0,51.0,119.0,108.0,100.66666666666667,107.16666666666667,104.75,103206.92,80139.82666666668,11
5103,2025,9,129.0,103024.31999999999,54.0,24309,-1.0,-1.8369701987210297e-16,61.0,132.0,51.0,100.0,81.33333333333333,98.66666666666667,100.83333333333333,49444.8,64780.280000000006,11
5103,2025,10,140.0,112585.5,50.0,24310,-0.8660254037844386,0.5000000000000001,129.0,61.0,132.0,84.0,107.33333333333333,102.0,103.25,103024.31999999999,85225.34666666666,11
5103,2025,11,62.0,49384.38,27.0,24311,-0.5000000000000004,0.8660254037844384,140.0,129.0,61.0,96.0,110.0,105.33333333333333,107.91666666666667,112585.5,88351.54,11
5103,2025,12,145.0,113858.1,43.0,24312,-2.4492935982947064e-16,1.0,62.0,140.0,129.0,166.0,110.33333333333333,95.83333333333333,105.08333333333333,49384.38,88331.40000000001,11
5104,2021,1,0.0,0.0,0.0,24253,0.49999999999999994,0.8660254037844387,0.0,0.0,0.0,0.0,0.0,0.0,0.0,0.0,0.0,12
5104,2021,2,0.0,0.0,0.0,24254,0.8660254037844386,0.5000000000000001,0.0,0.0,0.0,0.0,0.0,0.0,0.0,0.0,0.0,12
5104,2021,3,0.0,0.0,0.0,24255,1.0,6.123233995736766e-17,0.0,0.0,0.0,0.0,0.0,0.0,0.0,0.0,0.0,12
5104,2021,4,0.0,0.0,0.0,24256,0.8660254037844387,-0.4999999999999998,0.0,0.0,0.0,0.0,0.0,0.0,0.0,0.0,0.0,12
5104,2021,5,0.0,0.0,0.0,24257,0.49999999999999994,-0.8660254037844387,0.0,0.0,0.0,0.0,0.0,0.0,0.0,0.0,0.0,12
5104,2021,6,0.0,0.0,0.0,24258,1.2246467991473532e-16,-1.0,0.0,0.0,0.0,0.0,0.0,0.0,0.0,0.0,0.0,12
5104,2021,7,0.0,0.0,0.0,24259,-0.4999999999999997,-0.8660254037844388,0.0,0.0,0.0,0.0,0.0,0.0,0.0,0.0,0.0,12
5104,2021,8,0.0,0.0,0.0,24260,-0.8660254037844385,-0.5000000000000004,0.0,0.0,0.0,0.0,0.0,0.0,0.0,0.0,0.0,12
5104,2021,9,0.0,0.0,0.0,24261,-1.0,-1.8369701987210297e-16,0.0,0.0,0.0,0.0,0.0,0.0,0.0,0.0,0.0,12
5104,2021,10,0.0,0.0,0.0,24262,-0.8660254037844386,0.5000000000000001,0.0,0.0,0.0,0.0,0.0,0.0,0.0,0.0,0.0,12
5104,2021,11,0.0,0.0,0.0,24263,-0.5000000000000004,0.8660254037844384,0.0,0.0,0.0,0.0,0.0,0.0,0.0,0.0,0.0,12
5104,2021,12,0.0,0.0,0.0,24264,-2.4492935982947064e-16,1.0,0.0,0.0,0.0,0.0,0.0,0.0,0.0,0.0,0.0,12
5104,2022,1,2.0,472.88,1.0,24265,0.49999999999999994,0.8660254037844387,0.0,0.0,0.0,0.0,0.0,0.0,0.0,0.0,0.0,12
5104,2022,2,0.0,0.0,0.0,24266,0.8660254037844386,0.5000000000000001,2.0,0.0,0.0,0.0,0.6666666666666666,0.3333333333333333,0.16666666666666666,472.88,157.62666666666667,12
5104,2022,3,1.0,213.65,1.0,24267,1.0,6.123233995736766e-17,0.0,2.0,0.0,0.0,0.6666666666666666,0.3333333333333333,0.16666666666666666,0.0,157.62666666666667,12
5104,2022,4,0.0,0.0,0.0,24268,0.8660254037844387,-0.4999999999999998,1.0,0.0,2.0,0.0,1.0,0.5,0.25,213.65,228.84333333333333,12
5104,2022,5,0.0,0.0,0.0,24269,0.49999999999999994,-0.8660254037844387,0.0,1.0,0.0,0.0,0.3333333333333333,0.5,0.25,0.0,71.21666666666667,12
5104,2022,6,0.0,0.0,0.0,24270,1.2246467991473532e-16,-1.0,0.0,0.0,1.0,0.0,0.3333333333333333,0.5,0.25,0.0,71.21666666666667,12
5104,2022,7,0.0,0.0,0.0,24271,-0.4999999999999997,-0.8660254037844388,0.0,0.0,0.0,0.0,0.0,0.5,0.25,0.0,0.0,12
5104,2022,8,0.0,0.0,0.0,24272,-0.8660254037844385,-0.5000000000000004,0.0,0.0,0.0,0.0,0.0,0.16666666666666666,0.25,0.0,0.0,12
5104,2022,9,0.0,0.0,0.0,24273,-1.0,-1.8369701987210297e-16,0.0,0.0,0.0,0.0,0.0,0.16666666666666666,0.25,0.0,0.0,12
5104,2022,10,2.0,484.25,1.0,24274,-0.8660254037844386,0.5000000000000001,0.0,0.0,0.0,0.0,0.0,0.0,0.25,0.0,0.0,12
5104,2022,11,0.0,0.0,0.0,24275,-0.5000000000000004,0.8660254037844384,2.0,0.0,0.0,0.0,0.6666666666666666,0.3333333333333333,0.4166666666666667,484.25,161.41666666666666,12
5104,2022,12,0.0,0.0,0.0,24276,-2.4492935982947064e-16,1.0,0.0,2.0,0.0,0.0,0.6666666666666666,0.3333333333333333,0.4166666666666667,0.0,161.41666666666666,12
5104,2023,1,0.0,0.0,0.0,24277,0.49999999999999994,0.8660254037844387,0.0,0.0,2.0,2.0,0.6666666666666666,0.3333333333333333,0.4166666666666667,0.0,161.41666666666666,12
5104,2023,2,0.0,0.0,0.0,24278,0.8660254037844386,0.5000000000000001,0.0,0.0,0.0,0.0,0.0,0.3333333333333333,0.25,0.0,0.0,12
5104,2023,3,0.0,0.0,0.0,24279,1.0,6.123233995736766e-17,0.0,0.0,0.0,1.0,0.0,0.3333333333333333,0.25,0.0,0.0,12
5104,2023,4,0.0,0.0,0.0,24280,0.8660254037844387,-0.4999999999999998,0.0,0.0,0.0,0.0,0.0,0.3333333333333333,0.16666666666666666,0.0,0.0,12
5104,2023,5,0.0,0.0,0.0,24281,0.49999999999999994,-0.8660254037844387,0.0,0.0,0.0,0.0,0.0,0.0,0.16666666666666666,0.0,0.0,12
5104,2023,6,0.0,0.0,0.0,24282,1.2246467991473532e-16,-1.0,0.0,0.0,0.0,0.0,0.0,0.0,0.16666666666666666,0.0,0.0,12
5104,2023,7,1.0,205.39,1.0,24283,-0.4999999999999997,-0.8660254037844388,0.0,0.0,0.0,0.0,0.0,0.0,0.16666666666666666,0.0,0.0,12
5104,2023,8,0.0,0.0,0.0,24284,-0.8660254037844385,-0.5000000000000004,1.0,0.0,0.0,0.0,0.3333333333333333,0.16666666666666666,0.25,205.39,68.46333333333332,12
5104,2023,9,0.0,0.0,0.0,24285,-1.0,-1.8369701987210297e-16,0.0,1.0,0.0,0.0,0.3333333333333333,0.16666666666666666,0.25,0.0,68.46333333333332,12
5104,2023,10,0.0,0.0,0.0,24286,-0.8660254037844386,0.5000000000000001,0.0,0.0,1.0,2.0,0.3333333333333333,0.16666666666666666,0.25,0.0,68.46333333333332,12
5104,2023,11,0.0,0.0,0.0,24287,-0.5000000000000004,0.8660254037844384,0.0,0.0,0.0,0.0,0.0,0.16666666666666666,0.08333333333333333,0.0,0.0,12
5104,2023,12,5.0,1255.75,2.0,24288,-2.4492935982947064e-16,1.0,0.0,0.0,0.0,0.0,0.0,0.16666666666666666,0.08333333333333333,0.0,0.0,12
5104,2024,1,0.0,0.0,0.0,24289,0.49999999999999994,0.8660254037844387,5.0,0.0,0.0,0.0,1.6666666666666667,1.0,0.5,1255.75,418.5833333333333,12
5104,2024,2,1.0,228.94,1.0,24290,0.8660254037844386,0.5000000000000001,0.0,5.0,0.0,0.0,1.6666666666666667,0.8333333333333334,0.5,0.0,418.5833333333333,12
5104,2024,3,0.0,0.0,0.0,24291,1.0,6.123233995736766e-17,1.0,0.0,5.0,0.0,2.0,1.0,0.5833333333333334,228.94,494.8966666666667,12
5104,2024,4,1.0,228.94,1.0,24292,0.8660254037844387,-0.4999999999999998,0.0,1.0,0.0,0.0,0.3333333333333333,1.0,0.5833333333333334,0.0,76.31333333333333,12
5104,2024,5,2.0,488.4,1.0,24293,0.49999999999999994,-0.8660254037844387,1.0,0.0,1.0,0.0,0.6666666666666666,1.1666666666666667,0.6666666666666666,228.94,152.62666666666667,12
5104,2024,6,0.0,0.0,0.0,24294,1.2246467991473532e-16,-1.0,2.0,1.0,0.0,0.0,1.0,1.5,0.8333333333333334,488.4,239.11333333333332,12
5104,2024,7,5.0,1373.56,1.0,24295,-0.4999999999999997,-0.8660254037844388,0.0,2.0,1.0,1.0,1.0,0.6666666666666666,0.8333333333333334,0.0,239.11333333333332,12
5104,2024,8,0.0,0.0,0.0,24296,-0.8660254037844385,-0.5000000000000004,5.0,0.0,2.0,0.0,2.3333333333333335,1.5,1.1666666666666667,1373.56,620.6533333333333,12
5104,2024,9,0.0,0.0,0.0,24297,-1.0,-1.8369701987210297e-16,0.0,5.0,0.0,0.0,1.6666666666666667,1.3333333333333333,1.1666666666666667,0.0,457.8533333333333,12
5104,2024,10,4.0,961.5,2.0,24298,-0.8660254037844386,0.5000000000000001,0.0,0.0,5.0,0.0,1.6666666666666667,1.3333333333333333,1.1666666666666667,0.0,457.8533333333333,12
5104,2024,11,0.0,0.0,0.0,24299,-0.5000000000000004,0.8660254037844384,4.0,0.0,0.0,0.0,1.3333333333333333,1.8333333333333333,1.5,961.5,320.5,12
5104,2024,12,0.0,0.0,0.0,24300,-2.4492935982947064e-16,1.0,0.0,4.0,0.0,5.0,1.3333333333333333,1.5,1.5,0.0,320.5,12
5104,2025,1,1.0,249.06,1.0,24301,0.49999999999999994,0.8660254037844387,0.0,0.0,4.0,0.0,1.3333333333333333,1.5,1.0833333333333333,0.0,320.5,12
5104,2025,2,7.0,1867.98,2.0,24302,0.8660254037844386,0.5000000000000001,1.0,0.0,0.0,1.0,0.3333333333333333,0.8333333333333334,1.1666666666666667,249.06,83.02,12
5104,2025,3,0.0,0.0,0.0,24303,1.0,6.123233995736766e-17,7.0,1.0,0.0,0.0,2.6666666666666665,2.0,1.6666666666666667,1867.98,705.68,12
5104,2025,4,3.0,840.58,1.0,24304,0.8660254037844387,-0.4999999999999998,0.0,7.0,1.0,1.0,2.6666666666666665,2.0,1.6666666666666667,0.0,705.68,12
5104,2025,5,0.0,0.0,0.0,24305,0.49999999999999994,-0.8660254037844387,3.0,0.0,7.0,2.0,3.3333333333333335,1.8333333333333333,1.8333333333333333,840.58,902.8533333333334,12
5104,2025,6,0.0,0.0,0.0,24306,1.2246467991473532e-16,-1.0,0.0,3.0,0.0,0.0,1.0,1.8333333333333333,1.6666666666666667,0.0,280.1933333333333,12
5104,2025,7,4.0,1105.22,2.0,24307,-0.4999999999999997,-0.8660254037844388,0.0,0.0,3.0,5.0,1.0,1.8333333333333333,1.6666666666666667,0.0,280.1933333333333,12
5104,2025,8,0.0,0.0,0.0,24308,-0.8660254037844385,-0.5000000000000004,4.0,0.0,0.0,0.0,1.3333333333333333,2.3333333333333335,1.5833333333333333,1105.22,368.4066666666667,12
5104,2025,9,0.0,0.0,0.0,24309,-1.0,-1.8369701987210297e-16,0.0,4.0,0.0,0.0,1.3333333333333333,1.1666666666666667,1.5833333333333333,0.0,368.4066666666667,12
5104,2025,10,0.0,0.0,0.0,24310,-0.8660254037844386,0.5000000000000001,0.0,0.0,4.0,4.0,1.3333333333333333,1.1666666666666667,1.5833333333333333,0.0,368.4066666666667,12
5104,2025,11,4.0,1058.52,2.0,24311,-0.5000000000000004,0.8660254037844384,0.0,0.0,0.0,0.0,0.0,0.6666666666666666,1.25,0.0,0.0,12
5104,2025,12,3.0,714.48,1.0,24312,-2.4492935982947064e-16,1.0,4.0,0.0,0.0,0.0,1.3333333333333333,1.3333333333333333,1.5833333333333333,1058.52,352.84,12
5105,2021,1,0.0,0.0,0.0,24253,0.49999999999999994,0.8660254037844387,0.0,0.0,0.0,0.0,0.0,0.0,0.0,0.0,0.0,13
5105,2021,2,0.0,0.0,0.0,24254,0.8660254037844386,0.5000000000000001,0.0,0.0,0.0,0.0,0.0,0.0,0.0,0.0,0.0,13
5105,2021,3,0.0,0.0,0.0,24255,1.0,6.123233995736766e-17,0.0,0.0,0.0,0.0,0.0,0.0,0.0,0.0,0.0,13
5105,2021,4,0.0,0.0,0.0,24256,0.8660254037844387,-0.4999999999999998,0.0,0.0,0.0,0.0,0.0,0.0,0.0,0.0,0.0,13
5105,2021,5,0.0,0.0,0.0,24257,0.49999999999999994,-0.8660254037844387,0.0,0.0,0.0,0.0,0.0,0.0,0.0,0.0,0.0,13
5105,2021,6,0.0,0.0,0.0,24258,1.2246467991473532e-16,-1.0,0.0,0.0,0.0,0.0,0.0,0.0,0.0,0.0,0.0,13
5105,2021,7,0.0,0.0,0.0,24259,-0.4999999999999997,-0.8660254037844388,0.0,0.0,0.0,0.0,0.0,0.0,0.0,0.0,0.0,13
5105,2021,8,0.0,0.0,0.0,24260,-0.8660254037844385,-0.5000000000000004,0.0,0.0,0.0,0.0,0.0,0.0,0.0,0.0,0.0,13
5105,2021,9,0.0,0.0,0.0,24261,-1.0,-1.8369701987210297e-16,0.0,0.0,0.0,0.0,0.0,0.0,0.0,0.0,0.0,13
5105,2021,10,0.0,0.0,0.0,24262,-0.8660254037844386,0.5000000000000001,0.0,0.0,0.0,0.0,0.0,0.0,0.0,0.0,0.0,13
5105,2021,11,0.0,0.0,0.0,24263,-0.5000000000000004,0.8660254037844384,0.0,0.0,0.0,0.0,0.0,0.0,0.0,0.0,0.0,13
5105,2021,12,0.0,0.0,0.0,24264,-2.4492935982947064e-16,1.0,0.0,0.0,0.0,0.0,0.0,0.0,0.0,0.0,0.0,13
5105,2022,1,7.0,1836.9,2.0,24265,0.49999999999999994,0.8660254037844387,0.0,0.0,0.0,0.0,0.0,0.0,0.0,0.0,0.0,13
5105,2022,2,9.0,2818.94,4.0,24266,0.8660254037844386,0.5000000000000001,7.0,0.0,0.0,0.0,2.3333333333333335,1.1666666666666667,0.5833333333333334,1836.9,612.3000000000001,13
5105,2022,3,15.0,3913.98,4.0,24267,1.0,6.123233995736766e-17,9.0,7.0,0.0,0.0,5.333333333333333,2.6666666666666665,1.3333333333333333,2818.94,1551.9466666666667,13
5105,2022,4,8.0,2296.13,3.0,24268,0.8660254037844387,-0.4999999999999998,15.0,9.0,7.0,0.0,10.333333333333334,5.166666666666667,2.5833333333333335,3913.98,2856.6066666666666,13
5105,2022,5,15.0,5281.08,6.0,24269,0.49999999999999994,-0.8660254037844387,8.0,15.0,9.0,0.0,10.666666666666666,6.5,3.25,2296.13,3009.683333333334,13
5105,2022,6,6.0,1603.76,3.0,24270,1.2246467991473532e-16,-1.0,15.0,8.0,15.0,0.0,12.666666666666666,9.0,4.5,5281.08,3830.396666666667,13
5105,2022,7,11.0,3373.5299999999997,4.0,24271,-0.4999999999999997,-0.8660254037844388,6.0,15.0,8.0,0.0,9.666666666666666,10.0,5.0,1603.76,3060.3233333333337,13
5105,2022,8,17.0,4853.66,4.0,24272,-0.8660254037844385,-0.5000000000000004,11.0,6.0,15.0,0.0,10.666666666666666,10.666666666666666,5.916666666666667,3373.5299999999997,3419.4566666666665,13
5105,2022,9,6.0,1815.71,3.0,24273,-1.0,-1.8369701987210297e-16,17.0,11.0,6.0,0.0,11.333333333333334,12.0,7.333333333333333,4853.66,3276.9833333333336,13
5105,2022,10,13.0,3744.46,3.0,24274,-0.8660254037844386,0.5000000000000001,6.0,17.0,11.0,0.0,11.333333333333334,10.5,7.833333333333333,1815.71,3347.633333333333,13
5105,2022,11,6.0,1886.3600000000001,3.0,24275,-0.5000000000000004,0.8660254037844384,13.0,6.0,17.0,0.0,12.0,11.333333333333334,8.916666666666666,3744.46,3471.2766666666666,13
5105,2022,12,6.0,1647.69,4.0,24276,-2.4492935982947064e-16,1.0,6.0,13.0,6.0,0.0,8.333333333333334,9.833333333333334,9.416666666666666,1886.3600000000001,2482.1766666666667,13
5105,2023,1,8.0,2292.33,4.0,24277,0.49999999999999994,0.8660254037844387,6.0,6.0,13.0,7.0,8.333333333333334,9.833333333333334,9.916666666666666,1647.69,2426.17,13
5105,2023,2,14.0,4002.4900000000002,2.0,24278,0.8660254037844386,0.5000000000000001,8.0,6.0,6.0,9.0,6.666666666666667,9.333333333333334,10.0,2292.33,1942.1266666666668,13
5105,2023,3,21.0,6294.82,7.0,24279,1.0,6.123233995736766e-17,14.0,8.0,6.0,15.0,9.333333333333334,8.833333333333334,10.416666666666666,4002.4900000000002,2647.5033333333336,13
5105,2023,4,0.0,0.0,0.0,24280,0.8660254037844387,-0.4999999999999998,21.0,14.0,8.0,8.0,14.333333333333334,11.333333333333334,10.916666666666666,6294.82,4196.546666666666,13
5105,2023,5,7.0,2037.68,4.0,24281,0.49999999999999994,-0.8660254037844387,0.0,21.0,14.0,15.0,11.666666666666666,9.166666666666666,10.25,0.0,3432.4366666666665,13
5105,2023,6,20.0,6094.710000000001,6.0,24282,1.2246467991473532e-16,-1.0,7.0,0.0,21.0,6.0,9.333333333333334,9.333333333333334,9.583333333333334,2037.68,2777.5,13
5105,2023,7,33.0,9136.58,8.0,24283,-0.4999999999999997,-0.8660254037844388,20.0,7.0,0.0,11.0,9.0,11.666666666666666,10.75,6094.710000000001,2710.796666666667,13
5105,2023,8,11.0,3307.49,6.0,24284,-0.8660254037844385,-0.5000000000000004,33.0,20.0,7.0,17.0,20.0,15.833333333333334,12.583333333333334,9136.58,5756.323333333334,13
5105,2023,9,23.0,7040.7300000000005,6.0,24285,-1.0,-1.8369701987210297e-16,11.0,33.0,20.0,6.0,21.333333333333332,15.333333333333334,12.083333333333334,3307.49,6179.593333333333,13
5105,2023,10,11.0,3129.24,7.0,24286,-0.8660254037844386,0.5000000000000001,23.0,11.0,33.0,13.0,22.333333333333332,15.666666666666666,13.5,7040.7300000000005,6494.933333333333,13
5105,2023,11,10.0,2547.04,1.0,24287,-0.5000000000000004,0.8660254037844384,11.0,23.0,11.0,6.0,15.0,17.5,13.333333333333334,3129.24,4492.486666666667,13
5105,2023,12,28.0,8332.46,6.0,24288,-2.4492935982947064e-16,1.0,10.0,11.0,23.0,6.0,14.666666666666666,18.0,13.666666666666666,2547.04,4239.003333333333,13
5105,2024,1,11.0,3501.67,2.0,24289,0.49999999999999994,0.8660254037844387,28.0,10.0,11.0,8.0,16.333333333333332,19.333333333333332,15.5,8332.46,4669.579999999999,13
5105,2024,2,16.0,5084.01,9.0,24290,0.8660254037844386,0.5000000000000001,11.0,28.0,10.0,14.0,16.333333333333332,15.666666666666666,15.75,3501.67,4793.723333333332,13
5105,2024,3,26.0,7457.59,9.0,24291,1.0,6.123233995736766e-17,16.0,11.0,28.0,21.0,18.333333333333332,16.5,15.916666666666666,5084.01,5639.38,13
5105,2024,4,32.0,10099.86,11.0,24292,0.8660254037844387,-0.4999999999999998,26.0,16.0,11.0,0.0,17.666666666666668,17.0,16.333333333333332,7457.59,5347.756666666666,13
5105,2024,5,15.0,4612.51,4.0,24293,0.49999999999999994,-0.8660254037844387,32.0,26.0,16.0,7.0,24.666666666666668,20.5,19.0,10099.86,7547.153333333333,13
5105,2024,6,24.0,7041.2,6.0,24294,1.2246467991473532e-16,-1.0,15.0,32.0,26.0,20.0,24.333333333333332,21.333333333333332,19.666666666666668,4612.51,7389.986666666667,13
5105,2024,7,19.0,5935.75,5.0,24295,-0.4999999999999997,-0.8660254037844388,24.0,15.0,32.0,33.0,23.666666666666668,20.666666666666668,20.0,7041.2,7251.19,13
5105,2024,8,14.0,4262.59,6.0,24296,-0.8660254037844385,-0.5000000000000004,19.0,24.0,15.0,11.0,19.333333333333332,22.0,18.833333333333332,5935.75,5863.153333333333,13
5105,2024,9,8.0,2324.32,4.0,24297,-1.0,-1.8369701987210297e-16,14.0,19.0,24.0,23.0,19.0,21.666666666666668,19.083333333333332,4262.59,5746.513333333332,13
5105,2024,10,17.0,4807.68,6.0,24298,-0.8660254037844386,0.5000000000000001,8.0,14.0,19.0,11.0,13.666666666666666,18.666666666666668,17.833333333333332,2324.32,4174.219999999999,13
5105,2024,11,16.0,4890.96,7.0,24299,-0.5000000000000004,0.8660254037844384,17.0,8.0,14.0,10.0,13.0,16.166666666666668,18.333333333333332,4807.68,3798.1966666666667,13
5105,2024,12,18.0,5701.11,6.0,24300,-2.4492935982947064e-16,1.0,16.0,17.0,8.0,28.0,13.666666666666666,16.333333333333332,18.833333333333332,4890.96,4007.653333333333,13
5105,2025,1,16.0,5154.8,4.0,24301,0.49999999999999994,0.8660254037844387,18.0,16.0,17.0,11.0,17.0,15.333333333333334,18.0,5701.11,5133.25,13
5105,2025,2,9.0,2876.61,5.0,24302,0.8660254037844386,0.5000000000000001,16.0,18.0,16.0,16.0,16.666666666666668,14.833333333333334,18.416666666666668,5154.8,5248.956666666666,13
5105,2025,3,21.0,6873.05,5.0,24303,1.0,6.123233995736766e-17,9.0,16.0,18.0,26.0,14.333333333333334,14.0,17.833333333333332,2876.61,4577.506666666667,13
5105,2025,4,14.0,4228.1,7.0,24304,0.8660254037844387,-0.4999999999999998,21.0,9.0,16.0,32.0,15.333333333333334,16.166666666666668,17.416666666666668,6873.05,4968.153333333333,13
5105,2025,5,27.0,8664.66,7.0,24305,0.49999999999999994,-0.8660254037844387,14.0,21.0,9.0,15.0,14.666666666666666,15.666666666666666,15.916666666666666,4228.1,4659.253333333333,13
5105,2025,6,19.0,5425.06,6.0,24306,1.2246467991473532e-16,-1.0,27.0,14.0,21.0,24.0,20.666666666666668,17.5,16.916666666666668,8664.66,6588.603333333333,13
5105,2025,7,23.0,7181.93,9.0,24307,-0.4999999999999997,-0.8660254037844388,19.0,27.0,14.0,19.0,20.0,17.666666666666668,16.5,5425.06,6105.94,13
5105,2025,8,27.0,8456.14,4.0,24308,-0.8660254037844385,-0.5000000000000004,23.0,19.0,27.0,14.0,23.0,18.833333333333332,16.833333333333332,7181.93,7090.549999999999,13
5105,2025,9,9.0,2432.59,3.0,24309,-1.0,-1.8369701987210297e-16,27.0,23.0,19.0,8.0,23.0,21.833333333333332,17.916666666666668,8456.14,7021.043333333332,13
5105,2025,10,19.0,5830.51,5.0,24310,-0.8660254037844386,0.5000000000000001,9.0,27.0,23.0,17.0,19.666666666666668,19.833333333333332,18.0,2432.59,6023.553333333332,13
5105,2025,11,40.0,12317.43,9.0,24311,-0.5000000000000004,0.8660254037844384,19.0,9.0,27.0,16.0,18.333333333333332,20.666666666666668,18.166666666666668,5830.51,5573.079999999999,13
5105,2025,12,12.0,4090.78,8.0,24312,-2.4492935982947064e-16,1.0,40.0,19.0,9.0,18.0,22.666666666666668,22.833333333333332,20.166666666666668,12317.43,6860.176666666666,13
5106,2021,1,0.0,0.0,0.0,24253,0.49999999999999994,0.8660254037844387,0.0,0.0,0.0,0.0,0.0,0.0,0.0,0.0,0.0,14
5106,2021,2,0.0,0.0,0.0,24254,0.8660254037844386,0.5000000000000001,0.0,0.0,0.0,0.0,0.0,0.0,0.0,0.0,0.0,14
5106,2021,3,0.0,0.0,0.0,24255,1.0,6.123233995736766e-17,0.0,0.0,0.0,0.0,0.0,0.0,0.0,0.0,0.0,14
5106,2021,4,0.0,0.0,0.0,24256,0.8660254037844387,-0.4999999999999998,0.0,0.0,0.0,0.0,0.0,0.0,0.0,0.0,0.0,14
5106,2021,5,0.0,0.0,0.0,24257,0.49999999999999994,-0.8660254037844387,0.0,0.0,0.0,0.0,0.0,0.0,0.0,0.0,0.0,14
5106,2021,6,0.0,0.0,0.0,24258,1.2246467991473532e-16,-1.0,0.0,0.0,0.0,0.0,0.0,0.0,0.0,0.0,0.0,14
5106,2021,7,0.0,0.0,0.0,24259,-0.4999999999999997,-0.8660254037844388,0.0,0.0,0.0,0.0,0.0,0.0,0.0,0.0,0.0,14
5106,2021,8,0.0,0.0,0.0,24260,-0.8660254037844385,-0.5000000000000004,0.0,0.0,0.0,0.0,0.0,0.0,0.0,0.0,0.0,14
5106,2021,9,0.0,0.0,0.0,24261,-1.0,-1.8369701987210297e-16,0.0,0.0,0.0,0.0,0.0,0.0,0.0,0.0,0.0,14
5106,2021,10,0.0,0.0,0.0,24262,-0.8660254037844386,0.5000000000000001,0.0,0.0,0.0,0.0,0.0,0.0,0.0,0.0,0.0,14
5106,2021,11,0.0,0.0,0.0,24263,-0.5000000000000004,0.8660254037844384,0.0,0.0,0.0,0.0,0.0,0.0,0.0,0.0,0.0,14
5106,2021,12,0.0,0.0,0.0,24264,-2.4492935982947064e-16,1.0,0.0,0.0,0.0,0.0,0.0,0.0,0.0,0.0,0.0,14
5106,2022,1,8.0,2207.8,5.0,24265,0.49999999999999994,0.8660254037844387,0.0,0.0,0.0,0.0,0.0,0.0,0.0,0.0,0.0,14
5106,2022,2,5.0,1501.3,1.0,24266,0.8660254037844386,0.5000000000000001,8.0,0.0,0.0,0.0,2.6666666666666665,1.3333333333333333,0.6666666666666666,2207.8,735.9333333333321,14
5106,2022,3,20.0,5527.04,5.0,24267,1.0,6.123233995736766e-17,5.0,8.0,0.0,0.0,4.333333333333333,2.1666666666666665,1.0833333333333333,1501.3,1236.3666666666657,14
5106,2022,4,19.0,5453.18,6.0,24268,0.8660254037844387,-0.4999999999999998,20.0,5.0,8.0,0.0,11.0,5.5,2.75,5527.04,3078.713333333332,14
5106,2022,5,4.0,1413.0,1.0,24269,0.49999999999999994,-0.8660254037844387,19.0,20.0,5.0,0.0,14.666666666666666,8.666666666666666,4.333333333333333,5453.18,4160.506666666665,14
5106,2022,6,7.0,2025.64,3.0,24270,1.2246467991473532e-16,-1.0,4.0,19.0,20.0,0.0,14.333333333333334,9.333333333333334,4.666666666666667,1413.0,4131.073333333333,14
5106,2022,7,14.0,3461.8500000000004,2.0,24271,-0.4999999999999997,-0.8660254037844388,7.0,4.0,19.0,0.0,10.0,10.5,5.25,2025.64,2963.9399999999987,14
5106,2022,8,10.0,2861.33,4.0,24272,-0.8660254037844385,-0.5000000000000004,14.0,7.0,4.0,0.0,8.333333333333334,11.5,6.416666666666667,3461.8500000000004,2300.1633333333325,14
5106,2022,9,5.0,1423.1799999999998,2.0,24273,-1.0,-1.8369701987210297e-16,10.0,14.0,7.0,0.0,10.333333333333334,12.333333333333334,7.25,2861.33,2782.9399999999987,14
5106,2022,10,7.0,1815.71,3.0,24274,-0.8660254037844386,0.5000000000000001,5.0,10.0,14.0,0.0,9.666666666666666,9.833333333333334,7.666666666666667,1423.1799999999998,2582.119999999999,14
5106,2022,11,3.0,932.58,1.0,24275,-0.5000000000000004,0.8660254037844384,7.0,5.0,10.0,0.0,7.333333333333333,7.833333333333333,8.25,1815.71,2033.4066666666652,14
5106,2022,12,1.0,332.9,1.0,24276,-2.4492935982947064e-16,1.0,3.0,7.0,5.0,0.0,5.0,7.666666666666667,8.5,932.58,1390.4899999999989,14
5106,2023,1,2.0,560.36,1.0,24277,0.49999999999999994,0.8660254037844387,1.0,3.0,7.0,8.0,3.6666666666666665,6.666666666666667,8.583333333333334,332.9,1027.0633333333321,14
5106,2023,2,4.0,1255.3400000000001,3.0,24278,0.8660254037844386,0.5000000000000001,2.0,1.0,3.0,5.0,2.0,4.666666666666667,8.083333333333334,560.36,608.6133333333322,14
5106,2023,3,7.0,2146.79,3.0,24279,1.0,6.123233995736766e-17,4.0,2.0,1.0,20.0,2.3333333333333335,3.6666666666666665,8.0,1255.3400000000001,716.1999999999989,14
5106,2023,4,10.0,3132.34,5.0,24280,0.8660254037844387,-0.4999999999999998,7.0,4.0,2.0,19.0,4.333333333333333,4.0,6.916666666666667,2146.79,1320.8299999999988,14
5106,2023,5,5.0,1615.5300000000002,3.0,24281,0.49999999999999994,-0.8660254037844387,10.0,7.0,4.0,4.0,7.0,4.5,6.166666666666667,3132.34,2178.1566666666654,14
5106,2023,6,9.0,2867.23,4.0,24282,1.2246467991473532e-16,-1.0,5.0,10.0,7.0,7.0,7.333333333333333,4.833333333333333,6.25,1615.5300000000002,2298.219999999999,14
5106,2023,7,20.0,5375.8099999999995,7.0,24283,-0.4999999999999997,-0.8660254037844388,9.0,5.0,10.0,14.0,8.0,6.166666666666667,6.416666666666667,2867.23,2538.3666666666654,14
5106,2023,8,10.0,2992.56,6.0,24284,-0.8660254037844385,-0.5000000000000004,20.0,9.0,5.0,10.0,11.333333333333334,9.166666666666666,6.916666666666667,5375.8099999999995,3286.1899999999987,14
5106,2023,9,9.0,2685.29,4.0,24285,-1.0,-1.8369701987210297e-16,10.0,20.0,9.0,5.0,13.0,10.166666666666666,6.916666666666667,2992.56,3745.1999999999985,14
5106,2023,10,5.0,1564.63,4.0,24286,-0.8660254037844386,0.5000000000000001,9.0,10.0,20.0,7.0,13.0,10.5,7.25,2685.29,3684.553333333332,14
5106,2023,11,5.0,1516.8700000000001,3.0,24287,-0.5000000000000004,0.8660254037844384,5.0,9.0,10.0,3.0,8.0,9.666666666666666,7.083333333333333,1564.63,2414.1599999999985,14
5106,2023,12,3.0,975.1300000000001,2.0,24288,-2.4492935982947064e-16,1.0,5.0,5.0,9.0,1.0,6.333333333333333,9.666666666666666,7.25,1516.8700000000001,1922.2633333333324,14
5106,2024,1,3.0,927.5,2.0,24289,0.49999999999999994,0.8660254037844387,3.0,5.0,5.0,2.0,4.333333333333333,8.666666666666666,7.416666666666667,975.1300000000001,1352.209999999999,14
5106,2024,2,13.0,4069.49,6.0,24290,0.8660254037844386,0.5000000000000001,3.0,3.0,5.0,4.0,3.6666666666666665,5.833333333333333,7.5,927.5,1139.8333333333321,14
5106,2024,3,24.0,7041.1900000000005,6.0,24291,1.0,6.123233995736766e-17,13.0,3.0,3.0,7.0,6.333333333333333,6.333333333333333,8.25,4069.49,1990.7066666666653,14
5106,2024,4,8.0,2422.76,1.0,24292,0.8660254037844387,-0.4999999999999998,24.0,13.0,3.0,10.0,13.333333333333334,8.833333333333334,9.666666666666666,7041.1900000000005,4012.7266666666656,14
5106,2024,5,11.0,3618.57,6.0,24293,0.49999999999999994,-0.8660254037844387,8.0,24.0,13.0,5.0,15.0,9.333333333333334,9.5,2422.76,4511.146666666666,14
5106,2024,6,1.0,302.85,1.0,24294,1.2246467991473532e-16,-1.0,11.0,8.0,24.0,9.0,14.333333333333334,10.333333333333334,10.0,3618.57,4360.839999999999,14
5106,2024,7,4.0,1211.38,1.0,24295,-0.4999999999999997,-0.8660254037844388,1.0,11.0,8.0,20.0,6.666666666666667,10.0,9.333333333333334,302.85,2114.7266666666656,14
5106,2024,8,22.0,6552.8,7.0,24296,-0.8660254037844385,-0.5000000000000004,4.0,1.0,11.0,10.0,5.333333333333333,10.166666666666666,8.0,1211.38,1710.9333333333323,14
5106,2024,9,11.0,3520.5699999999997,5.0,24297,-1.0,-1.8369701987210297e-16,22.0,4.0,1.0,9.0,9.0,11.666666666666666,9.0,6552.8,2689.009999999999,14
5106,2024,10,9.0,2867.35,4.0,24298,-0.8660254037844386,0.5000000000000001,11.0,22.0,4.0,5.0,12.333333333333334,9.5,9.166666666666666,3520.5699999999997,3761.583333333332,14
5106,2024,11,11.0,3535.7700000000004,3.0,24299,-0.5000000000000004,0.8660254037844384,9.0,11.0,22.0,5.0,14.0,9.666666666666666,9.5,2867.35,4313.573333333332,14
5106,2024,12,13.0,3993.3300000000004,7.0,24300,-2.4492935982947064e-16,1.0,11.0,9.0,11.0,3.0,10.333333333333334,9.666666666666666,10.0,3535.7700000000004,3307.896666666665,14
5106,2025,1,18.0,5361.1,5.0,24301,0.49999999999999994,0.8660254037844387,13.0,11.0,9.0,3.0,11.0,11.666666666666666,10.833333333333334,3993.3300000000004,3465.483333333332,14
5106,2025,2,26.0,7903.43,10.0,24302,0.8660254037844386,0.5000000000000001,18.0,13.0,11.0,13.0,14.0,14.0,12.083333333333334,5361.1,4296.733333333333,14
5106,2025,3,18.0,5470.96,7.0,24303,1.0,6.123233995736766e-17,26.0,18.0,13.0,24.0,19.0,14.666666666666666,13.166666666666666,7903.43,5752.619999999999,14
5106,2025,4,28.0,8264.3,8.0,24304,0.8660254037844387,-0.4999999999999998,18.0,26.0,18.0,8.0,20.666666666666668,15.833333333333334,12.666666666666666,5470.96,6245.163333333333,14
5106,2025,5,19.0,5606.09,6.0,24305,0.49999999999999994,-0.8660254037844387,28.0,18.0,26.0,11.0,24.0,19.0,14.333333333333334,8264.3,7212.896666666665,14
5106,2025,6,8.0,2502.89,4.0,24306,1.2246467991473532e-16,-1.0,19.0,28.0,18.0,1.0,21.666666666666668,20.333333333333332,15.0,5606.09,6447.116666666665,14
5106,2025,7,9.0,2838.0099999999998,4.0,24307,-0.4999999999999997,-0.8660254037844388,8.0,19.0,28.0,4.0,18.333333333333332,19.5,15.583333333333334,2502.89,5457.759999999998,14
5106,2025,8,6.0,1872.69,4.0,24308,-0.8660254037844385,-0.5000000000000004,9.0,8.0,19.0,22.0,12.0,18.0,16.0,2838.0099999999998,3648.9966666666655,14
5106,2025,9,5.0,1602.4099999999999,2.0,24309,-1.0,-1.8369701987210297e-16,6.0,9.0,8.0,11.0,7.666666666666667,14.666666666666666,14.666666666666666,1872.69,2404.529999999999,14
5106,2025,10,15.0,4884.49,7.0,24310,-0.8660254037844386,0.5000000000000001,5.0,6.0,9.0,9.0,6.666666666666667,12.5,14.166666666666666,1602.4099999999999,2104.369999999999,14
5106,2025,11,16.0,5271.83,5.0,24311,-0.5000000000000004,0.8660254037844384,15.0,5.0,6.0,11.0,8.666666666666666,10.333333333333334,14.666666666666666,4884.49,2786.529999999999,14
5106,2025,12,9.0,2613.6400000000003,4.0,24312,-2.4492935982947064e-16,1.0,16.0,15.0,5.0,13.0,12.0,9.833333333333334,15.083333333333334,5271.83,3919.5766666666655,14
5107,2021,1,67.0,31985.32,35.0,24253,0.49999999999999994,0.8660254037844387,0.0,0.0,0.0,0.0,0.0,0.0,0.0,0.0,0.0,15
5107,2021,2,51.0,25799.65,29.0,24254,0.8660254037844386,0.5000000000000001,67.0,0.0,0.0,0.0,0.0,0.0,0.0,31985.32,0.0,15
5107,2021,3,46.0,22288.690000000002,26.0,24255,1.0,6.123233995736766e-17,51.0,67.0,0.0,0.0,0.0,0.0,0.0,25799.65,0.0,15
5107,2021,4,35.0,18557.3,21.0,24256,0.8660254037844387,-0.4999999999999998,46.0,51.0,67.0,0.0,54.666666666666664,0.0,0.0,22288.690000000002,26691.22,15
5107,2021,5,57.0,27550.32,24.0,24257,0.49999999999999994,-0.8660254037844387,35.0,46.0,51.0,0.0,44.0,0.0,0.0,18557.3,22215.213333333333,15
5107,2021,6,41.0,20197.45,20.0,24258,1.2246467991473532e-16,-1.0,57.0,35.0,46.0,0.0,46.0,0.0,0.0,27550.32,22798.77,15
5107,2021,7,40.0,19841.170000000002,23.0,24259,-0.4999999999999997,-0.8660254037844388,41.0,57.0,35.0,0.0,44.333333333333336,49.5,0.0,20197.45,22101.69,15
5107,2021,8,83.0,39491.92,30.0,24260,-0.8660254037844385,-0.5000000000000004,40.0,41.0,57.0,0.0,46.0,45.0,0.0,19841.170000000002,22529.646666666664,15
5107,2021,9,58.0,29215.06,26.0,24261,-1.0,-1.8369701987210297e-16,83.0,40.0,41.0,0.0,54.666666666666664,50.333333333333336,0.0,39491.92,26510.179999999997,15
5107,2021,10,64.0,29878.46,27.0,24262,-0.8660254037844386,0.5000000000000001,58.0,83.0,40.0,0.0,60.333333333333336,52.333333333333336,0.0,29215.06,29516.05,15
5107,2021,11,42.0,19509.41,22.0,24263,-0.5000000000000004,0.8660254037844384,64.0,58.0,83.0,0.0,68.33333333333333,57.166666666666664,0.0,29878.46,32861.81333333333,15
5107,2021,12,49.0,24168.38,24.0,24264,-2.4492935982947064e-16,1.0,42.0,64.0,58.0,0.0,54.666666666666664,54.666666666666664,0.0,19509.41,26200.976666666666,15
5107,2022,1,45.0,21376.79,22.0,24265,0.49999999999999994,0.8660254037844387,49.0,42.0,64.0,67.0,51.666666666666664,56.0,52.75,24168.38,24518.75,15
5107,2022,2,43.0,21395.23,20.0,24266,0.8660254037844386,0.5000000000000001,45.0,49.0,42.0,51.0,45.333333333333336,56.833333333333336,50.916666666666664,21376.79,21684.859999999997,15
5107,2022,3,50.0,24558.84,26.0,24267,1.0,6.123233995736766e-17,43.0,45.0,49.0,46.0,45.666666666666664,50.166666666666664,50.25,21395.23,22313.466666666664,15
5107,2022,4,48.0,23317.95,23.0,24268,0.8660254037844387,-0.4999999999999998,50.0,43.0,45.0,35.0,46.0,48.833333333333336,50.583333333333336,24558.84,22443.619999999995,15
5107,2022,5,43.0,20658.1,18.0,24269,0.49999999999999994,-0.8660254037844387,48.0,50.0,43.0,57.0,47.0,46.166666666666664,51.666666666666664,23317.95,23090.67333333333,15
5107,2022,6,43.0,20135.98,21.0,24270,1.2246467991473532e-16,-1.0,43.0,48.0,50.0,41.0,47.0,46.333333333333336,50.5,20658.1,22844.96333333333,15
5107,2022,7,51.0,26039.25,30.0,24271,-0.4999999999999997,-0.8660254037844388,43.0,43.0,48.0,40.0,44.666666666666664,45.333333333333336,50.666666666666664,20135.98,21370.676666666666,15
5107,2022,8,40.0,19859.56,21.0,24272,-0.8660254037844385,-0.5000000000000004,51.0,43.0,43.0,83.0,45.666666666666664,46.333333333333336,51.583333333333336,26039.25,22277.77666666666,15
5107,2022,9,27.0,13022.6,15.0,24273,-1.0,-1.8369701987210297e-16,40.0,51.0,43.0,58.0,44.666666666666664,45.833333333333336,48.0,19859.56,22011.596666666665,15
5107,2022,10,38.0,17003.170000000002,19.0,24274,-0.8660254037844386,0.5000000000000001,27.0,40.0,51.0,64.0,39.333333333333336,42.0,45.416666666666664,13022.6,19640.469999999998,15
5107,2022,11,39.0,18489.690000000002,22.0,24275,-0.5000000000000004,0.8660254037844384,38.0,27.0,40.0,42.0,35.0,40.333333333333336,43.25,17003.170000000002,16628.443333333333,15
5107,2022,12,25.0,12494.37,14.0,24276,-2.4492935982947064e-16,1.0,39.0,38.0,27.0,49.0,34.666666666666664,39.666666666666664,43.0,18489.690000000002,16171.82,15
5107,2023,1,34.0,17184.21,19.0,24277,0.49999999999999994,0.8660254037844387,25.0,39.0,38.0,45.0,34.0,36.666666666666664,41.0,12494.37,15995.743333333334,15
5107,2023,2,58.0,29307.059999999998,22.0,24278,0.8660254037844386,0.5000000000000001,34.0,25.0,39.0,43.0,32.666666666666664,33.833333333333336,40.083333333333336,17184.21,16056.089999999998,15
5107,2023,3,35.0,18304.18,23.0,24279,1.0,6.123233995736766e-17,58.0,34.0,25.0,50.0,39.0,36.833333333333336,41.333333333333336,29307.059999999998,19661.879999999997,15
5107,2023,4,37.0,18513.030000000002,19.0,24280,0.8660254037844387,-0.4999999999999998,35.0,58.0,34.0,48.0,42.333333333333336,38.166666666666664,40.083333333333336,18304.18,21598.48333333333,15
5107,2023,5,49.0,24302.15,24.0,24281,0.49999999999999994,-0.8660254037844387,37.0,35.0,58.0,43.0,43.333333333333336,38.0,39.166666666666664,18513.030000000002,22041.42333333333,15
5107,2023,6,55.0,26757.190000000002,23.0,24282,1.2246467991473532e-16,-1.0,49.0,37.0,35.0,43.0,40.333333333333336,39.666666666666664,39.666666666666664,24302.15,20373.12,15
5107,2023,7,43.0,20335.16,22.0,24283,-0.4999999999999997,-0.8660254037844388,55.0,49.0,37.0,51.0,47.0,44.666666666666664,40.666666666666664,26757.190000000002,23190.789999999997,15
5107,2023,8,35.0,17772.8,19.0,24284,-0.8660254037844385,-0.5000000000000004,43.0,55.0,49.0,40.0,49.0,46.166666666666664,40.0,20335.16,23798.166666666668,15
5107,2023,9,50.0,25314.64,24.0,24285,-1.0,-1.8369701987210297e-16,35.0,43.0,55.0,27.0,44.333333333333336,42.333333333333336,39.583333333333336,17772.8,21621.716666666664,15
5107,2023,10,28.0,14488.960000000001,17.0,24286,-0.8660254037844386,0.5000000000000001,50.0,35.0,43.0,38.0,42.666666666666664,44.833333333333336,41.5,25314.64,21140.866666666665,15
5107,2023,11,27.0,13603.25,12.0,24287,-0.5000000000000004,0.8660254037844384,28.0,50.0,35.0,39.0,37.666666666666664,43.333333333333336,40.666666666666664,14488.960000000001,19192.13333333333,15
5107,2023,12,50.0,25428.61,30.0,24288,-2.4492935982947064e-16,1.0,27.0,28.0,50.0,25.0,35.0,39.666666666666664,39.666666666666664,13603.25,17802.28333333333,15
5107,2024,1,29.0,14528.0,14.0,24289,0.49999999999999994,0.8660254037844387,50.0,27.0,28.0,34.0,35.0,38.833333333333336,41.75,25428.61,17840.27333333333,15
5107,2024,2,48.0,25274.75,28.0,24290,0.8660254037844386,0.5000000000000001,29.0,50.0,27.0,58.0,35.333333333333336,36.5,41.333333333333336,14528.0,17853.286666666667,15
5107,2024,3,49.0,24731.28,27.0,24291,1.0,6.123233995736766e-17,48.0,29.0,50.0,35.0,42.333333333333336,38.666666666666664,40.5,25274.75,21743.786666666667,15
5107,2024,4,71.0,37159.39,33.0,24292,0.8660254037844387,-0.4999999999999998,49.0,48.0,29.0,37.0,42.0,38.5,41.666666666666664,24731.28,21511.343333333334,15
5107,2024,5,60.0,31228.37,30.0,24293,0.49999999999999994,-0.8660254037844387,71.0,49.0,48.0,49.0,56.0,45.666666666666664,44.5,37159.39,29055.14,15
5107,2024,6,66.0,33598.11,28.0,24294,1.2246467991473532e-16,-1.0,60.0,71.0,49.0,55.0,60.0,51.166666666666664,45.416666666666664,31228.37,31039.679999999997,15
5107,2024,7,93.0,47563.37,37.0,24295,-0.4999999999999997,-0.8660254037844388,66.0,60.0,71.0,43.0,65.66666666666667,53.833333333333336,46.333333333333336,33598.11,33995.29,15
5107,2024,8,36.0,18885.82,23.0,24296,-0.8660254037844385,-0.5000000000000004,93.0,66.0,60.0,35.0,73.0,64.5,50.5,47563.37,37463.28333333333,15
5107,2024,9,44.0,22868.39,27.0,24297,-1.0,-1.8369701987210297e-16,36.0,93.0,66.0,50.0,65.0,62.5,50.583333333333336,18885.82,33349.1,15
5107,2024,10,44.0,22921.04,27.0,24298,-0.8660254037844386,0.5000000000000001,44.0,36.0,93.0,28.0,57.666666666666664,61.666666666666664,50.083333333333336,22868.39,29772.52666666667,15
5107,2024,11,68.0,33829.799999999996,55.0,24299,-0.5000000000000004,0.8660254037844384,44.0,44.0,36.0,27.0,41.333333333333336,57.166666666666664,51.416666666666664,22921.04,21558.416666666668,15
5107,2024,12,58.0,30122.54,36.0,24300,-2.4492935982947064e-16,1.0,68.0,44.0,44.0,50.0,52.0,58.5,54.833333333333336,33829.799999999996,26539.743333333332,15
5107,2025,1,39.0,20109.19,21.0,24301,0.49999999999999994,0.8660254037844387,58.0,68.0,44.0,29.0,56.666666666666664,57.166666666666664,55.5,30122.54,28957.793333333335,15
5107,2025,2,44.0,23906.170000000002,25.0,24302,0.8660254037844386,0.5000000000000001,39.0,58.0,68.0,48.0,55.0,48.166666666666664,56.333333333333336,20109.19,28020.51,15
5107,2025,3,67.0,34538.14,32.0,24303,1.0,6.123233995736766e-17,44.0,39.0,58.0,49.0,47.0,49.5,56.0,23906.170000000002,24712.63333333333,15
5107,2025,4,61.0,30388.76,24.0,24304,0.8660254037844387,-0.4999999999999998,67.0,44.0,39.0,71.0,50.0,53.333333333333336,57.5,34538.14,26184.5,15
5107,2025,5,88.0,44330.28,64.0,24305,0.49999999999999994,-0.8660254037844387,61.0,67.0,44.0,60.0,57.333333333333336,56.166666666666664,56.666666666666664,30388.76,29611.02333333333,15
5107,2025,6,51.0,27876.899999999998,30.0,24306,1.2246467991473532e-16,-1.0,88.0,61.0,67.0,66.0,72.0,59.5,59.0,44330.28,36419.06,15
5107,2025,7,44.0,23426.46,32.0,24307,-0.4999999999999997,-0.8660254037844388,51.0,88.0,61.0,93.0,66.66666666666667,58.333333333333336,57.75,27876.899999999998,34198.64666666666,15
5107,2025,8,46.0,22673.98,18.0,24308,-0.8660254037844385,-0.5000000000000004,44.0,51.0,88.0,36.0,61.0,59.166666666666664,53.666666666666664,23426.46,31877.88,15
5107,2025,9,60.0,32792.5,23.0,24309,-1.0,-1.8369701987210297e-16,46.0,44.0,51.0,44.0,47.0,59.5,54.5,22673.98,24659.11333333333,15
5107,2025,10,80.0,41709.46,33.0,24310,-0.8660254037844386,0.5000000000000001,60.0,46.0,44.0,44.0,50.0,58.333333333333336,55.833333333333336,32792.5,26297.646666666667,15
5107,2025,11,56.0,28622.989999999998,24.0,24311,-0.5000000000000004,0.8660254037844384,80.0,60.0,46.0,68.0,62.0,61.5,58.833333333333336,41709.46,32391.98,15
5107,2025,12,30.0,15642.91,13.0,24312,-2.4492935982947064e-16,1.0,56.0,80.0,60.0,58.0,65.33333333333333,56.166666666666664,57.833333333333336,28622.989999999998,34374.98333333333,15
5108,2021,1,102.0,49080.8,45.0,24253,0.49999999999999994,0.8660254037844387,0.0,0.0,0.0,0.0,0.0,0.0,0.0,0.0,0.0,16
5108,2021,2,73.0,35787.81,34.0,24254,0.8660254037844386,0.5000000000000001,102.0,0.0,0.0,0.0,0.0,0.0,0.0,49080.8,0.0,16
5108,2021,3,59.0,30075.100000000002,33.0,24255,1.0,6.123233995736766e-17,73.0,102.0,0.0,0.0,0.0,0.0,0.0,35787.81,0.0,16
5108,2021,4,50.0,24798.38,27.0,24256,0.8660254037844387,-0.4999999999999998,59.0,73.0,102.0,0.0,78.0,0.0,0.0,30075.100000000002,38314.57,16
5108,2021,5,53.0,25259.05,19.0,24257,0.49999999999999994,-0.8660254037844387,50.0,59.0,73.0,0.0,60.666666666666664,0.0,0.0,24798.38,30220.430000000004,16
5108,2021,6,59.0,29270.26,27.0,24258,1.2246467991473532e-16,-1.0,53.0,50.0,59.0,0.0,54.0,0.0,0.0,25259.05,26710.843333333334,16
5108,2021,7,86.0,40658.96,33.0,24259,-0.4999999999999997,-0.8660254037844388,59.0,53.0,50.0,0.0,54.0,66.0,0.0,29270.26,26442.563333333335,16
5108,2021,8,101.0,50413.87,43.0,24260,-0.8660254037844385,-0.5000000000000004,86.0,59.0,53.0,0.0,66.0,63.333333333333336,0.0,40658.96,31729.42333333333,16
5108,2021,9,101.0,46893.93,32.0,24261,-1.0,-1.8369701987210297e-16,101.0,86.0,59.0,0.0,82.0,68.0,0.0,50413.87,40114.363333333335,16
5108,2021,10,91.0,44277.07,40.0,24262,-0.8660254037844386,0.5000000000000001,101.0,101.0,86.0,0.0,96.0,75.0,0.0,46893.93,45988.920000000006,16
5108,2021,11,103.0,49301.89,38.0,24263,-0.5000000000000004,0.8660254037844384,91.0,101.0,101.0,0.0,97.66666666666667,81.83333333333333,0.0,44277.07,47194.956666666665,16
5108,2021,12,74.0,36586.33,30.0,24264,-2.4492935982947064e-16,1.0,103.0,91.0,101.0,0.0,98.33333333333333,90.16666666666667,0.0,49301.89,46824.29666666667,16
5108,2022,1,89.0,42335.92,37.0,24265,0.49999999999999994,0.8660254037844387,74.0,103.0,91.0,102.0,89.33333333333333,92.66666666666667,79.33333333333333,36586.33,43388.43,16
5108,2022,2,88.0,44504.52,35.0,24266,0.8660254037844386,0.5000000000000001,89.0,74.0,103.0,73.0,88.66666666666667,93.16666666666667,78.25,42335.92,42741.38,16
5108,2022,3,59.0,30486.58,29.0,24267,1.0,6.123233995736766e-17,88.0,89.0,74.0,59.0,83.66666666666667,91.0,79.5,44504.52,41142.25666666666,16
5108,2022,4,116.0,56230.97,48.0,24268,0.8660254037844387,-0.4999999999999998,59.0,88.0,89.0,50.0,78.66666666666667,84.0,79.5,30486.58,39109.00666666666,16
5108,2022,5,63.0,29983.1,26.0,24269,0.49999999999999994,-0.8660254037844387,116.0,59.0,88.0,53.0,87.66666666666667,88.16666666666667,85.0,56230.97,43740.69,16
5108,2022,6,62.0,30013.62,23.0,24270,1.2246467991473532e-16,-1.0,63.0,116.0,59.0,59.0,79.33333333333333,81.5,85.83333333333333,29983.1,38900.21666666667,16
5108,2022,7,100.0,47090.51,38.0,24271,-0.4999999999999997,-0.8660254037844388,62.0,63.0,116.0,86.0,80.33333333333333,79.5,86.08333333333333,30013.62,38742.56333333333,16
5108,2022,8,71.0,32175.78,23.0,24272,-0.8660254037844385,-0.5000000000000004,100.0,62.0,63.0,101.0,75.0,81.33333333333333,87.25,47090.51,35695.74333333334,16
5108,2022,9,54.0,25676.66,24.0,24273,-1.0,-1.8369701987210297e-16,71.0,100.0,62.0,101.0,77.66666666666667,78.5,84.75,32175.78,36426.636666666665,16
5108,2022,10,78.0,37225.25,37.0,24274,-0.8660254037844386,0.5000000000000001,54.0,71.0,100.0,91.0,75.0,77.66666666666667,80.83333333333333,25676.66,34980.98333333333,16
5108,2022,11,44.0,21370.65,24.0,24275,-0.5000000000000004,0.8660254037844384,78.0,54.0,71.0,103.0,67.66666666666667,71.33333333333333,79.75,37225.25,31692.563333333335,16
5108,2022,12,76.0,36174.770000000004,28.0,24276,-2.4492935982947064e-16,1.0,44.0,78.0,54.0,74.0,58.666666666666664,68.16666666666667,74.83333333333333,21370.65,28090.853333333333,16
5108,2023,1,91.0,43650.020000000004,31.0,24277,0.49999999999999994,0.8660254037844387,76.0,44.0,78.0,89.0,66.0,70.5,75.0,36174.770000000004,31590.22333333334,16
5108,2023,2,68.0,32616.100000000002,26.0,24278,0.8660254037844386,0.5000000000000001,91.0,76.0,44.0,88.0,70.33333333333333,69.0,75.16666666666667,43650.020000000004,33731.81333333333,16
5108,2023,3,130.0,61713.11,44.0,24279,1.0,6.123233995736766e-17,68.0,91.0,76.0,59.0,78.33333333333333,68.5,73.5,32616.100000000002,37480.29666666667,16
5108,2023,4,87.0,42043.55,28.0,24280,0.8660254037844387,-0.4999999999999998,130.0,68.0,91.0,116.0,96.33333333333333,81.16666666666667,79.41666666666667,61713.11,45993.07666666666,16
5108,2023,5,118.0,56772.44,43.0,24281,0.49999999999999994,-0.8660254037844387,87.0,130.0,68.0,63.0,95.0,82.66666666666667,77.0,42043.55,45457.58666666667,16
5108,2023,6,107.0,51287.22,36.0,24282,1.2246467991473532e-16,-1.0,118.0,87.0,130.0,62.0,111.66666666666667,95.0,81.58333333333333,56772.44,53509.700000000004,16
5108,2023,7,90.0,44472.36,43.0,24283,-0.4999999999999997,-0.8660254037844388,107.0,118.0,87.0,100.0,104.0,100.16666666666667,85.33333333333333,51287.22,50034.40333333334,16
5108,2023,8,62.0,30534.74,29.0,24284,-0.8660254037844385,-0.5000000000000004,90.0,107.0,118.0,71.0,105.0,100.0,84.5,44472.36,50844.006666666675,16
5108,2023,9,113.0,54399.880000000005,49.0,24285,-1.0,-1.8369701987210297e-16,62.0,90.0,107.0,54.0,86.33333333333333,99.0,83.75,30534.74,42098.10666666667,16
5108,2023,10,126.0,59898.18,34.0,24286,-0.8660254037844386,0.5000000000000001,113.0,62.0,90.0,78.0,88.33333333333333,96.16666666666667,88.66666666666667,54399.880000000005,43135.66,16
5108,2023,11,45.0,22277.78,19.0,24287,-0.5000000000000004,0.8660254037844384,126.0,113.0,62.0,44.0,100.33333333333333,102.66666666666667,92.66666666666667,59898.18,48277.600000000006,16
5108,2023,12,107.0,52021.0,47.0,24288,-2.4492935982947064e-16,1.0,45.0,126.0,113.0,76.0,94.66666666666667,90.5,92.75,22277.78,45525.28,16
5108,2024,1,82.0,39231.68,21.0,24289,0.49999999999999994,0.8660254037844387,107.0,45.0,126.0,91.0,92.66666666666667,90.5,95.33333333333333,52021.0,44732.32,16
5108,2024,2,85.0,42932.93,45.0,24290,0.8660254037844386,0.5000000000000001,82.0,107.0,45.0,68.0,78.0,89.16666666666667,94.58333333333333,39231.68,37843.48666666667,16
5108,2024,3,146.0,69299.12,39.0,24291,1.0,6.123233995736766e-17,85.0,82.0,107.0,130.0,91.33333333333333,93.0,96.0,42932.93,44728.53666666666,16
5108,2024,4,158.0,77308.06,64.0,24292,0.8660254037844387,-0.4999999999999998,146.0,85.0,82.0,87.0,104.33333333333333,98.5,97.33333333333333,69299.12,50487.909999999996,16
5108,2024,5,97.0,49634.92,50.0,24293,0.49999999999999994,-0.8660254037844387,158.0,146.0,85.0,118.0,129.66666666666666,103.83333333333333,103.25,77308.06,63180.03666666666,16
5108,2024,6,59.0,29473.75,31.0,24294,1.2246467991473532e-16,-1.0,97.0,158.0,146.0,107.0,133.66666666666666,112.5,101.5,49634.92,65414.033333333326,16
5108,2024,7,100.0,49834.94,41.0,24295,-0.4999999999999997,-0.8660254037844388,59.0,97.0,158.0,90.0,104.66666666666667,104.5,97.5,29473.75,52138.909999999996,16
5108,2024,8,105.0,51177.39,48.0,24296,-0.8660254037844385,-0.5000000000000004,100.0,59.0,97.0,62.0,85.33333333333333,107.5,98.33333333333333,49834.94,42981.20333333333,16
5108,2024,9,111.0,53661.99,38.0,24297,-1.0,-1.8369701987210297e-16,105.0,100.0,59.0,113.0,88.0,110.83333333333333,101.91666666666667,51177.39,43495.36,16
5108,2024,10,113.0,55791.659999999996,46.0,24298,-0.8660254037844386,0.5000000000000001,111.0,105.0,100.0,126.0,105.33333333333333,105.0,101.75,53661.99,51558.10666666667,16
5108,2024,11,128.0,61427.66,71.0,24299,-0.5000000000000004,0.8660254037844384,113.0,111.0,105.0,45.0,109.66666666666667,97.5,100.66666666666667,55791.659999999996,53543.67999999999,16
5108,2024,12,136.0,66395.07,46.0,24300,-2.4492935982947064e-16,1.0,128.0,113.0,111.0,107.0,117.33333333333333,102.66666666666667,107.58333333333333,61427.66,56960.43666666667,16
5108,2025,1,57.0,28694.2,29.0,24301,0.49999999999999994,0.8660254037844387,136.0,128.0,113.0,82.0,125.66666666666667,115.5,110.0,66395.07,61204.79666666667,16
5108,2025,2,81.0,40207.47,33.0,24302,0.8660254037844386,0.5000000000000001,57.0,136.0,128.0,85.0,107.0,108.33333333333333,107.91666666666667,28694.2,52172.310000000005,16
5108,2025,3,126.0,62937.75,46.0,24303,1.0,6.123233995736766e-17,81.0,57.0,136.0,146.0,91.33333333333333,104.33333333333333,107.58333333333333,40207.47,45098.91333333333,16
5108,2025,4,108.0,54201.95,36.0,24304,0.8660254037844387,-0.4999999999999998,126.0,81.0,57.0,158.0,88.0,106.83333333333333,105.91666666666667,62937.75,43946.47333333333,16
5108,2025,5,134.0,62799.92,214.0,24305,0.49999999999999994,-0.8660254037844387,108.0,126.0,81.0,97.0,105.0,106.0,101.75,54201.95,52449.056666666664,16
5108,2025,6,119.0,60429.14,44.0,24306,1.2246467991473532e-16,-1.0,134.0,108.0,126.0,59.0,122.66666666666667,107.0,104.83333333333333,62799.92,59979.87333333333,16
5108,2025,7,174.0,86716.71,72.0,24307,-0.4999999999999997,-0.8660254037844388,119.0,134.0,108.0,100.0,120.33333333333333,104.16666666666667,109.83333333333333,60429.14,59143.670000000006,16
5108,2025,8,82.0,40141.38,32.0,24308,-0.8660254037844385,-0.5000000000000004,174.0,119.0,134.0,105.0,142.33333333333334,123.66666666666667,116.0,86716.71,69981.92333333334,16
5108,2025,9,96.0,48706.07,39.0,24309,-1.0,-1.8369701987210297e-16,82.0,174.0,119.0,111.0,125.0,123.83333333333333,114.08333333333333,40141.38,62429.07666666667,16
5108,2025,10,100.0,50911.43,47.0,24310,-0.8660254037844386,0.5000000000000001,96.0,82.0,174.0,113.0,117.33333333333333,118.83333333333333,112.83333333333333,48706.07,58521.386666666665,16
5108,2025,11,111.0,54998.62,40.0,24311,-0.5000000000000004,0.8660254037844384,100.0,96.0,82.0,128.0,92.66666666666667,117.5,111.75,50911.43,46586.293333333335,16
5108,2025,12,111.0,53011.19,39.0,24312,-2.4492935982947064e-16,1.0,111.0,100.0,96.0,136.0,102.33333333333333,113.66666666666667,110.33333333333333,54998.62,51538.706666666665,16
5112,2021,1,2.0,683.9300000000001,2.0,24253,0.49999999999999994,0.8660254037844387,0.0,0.0,0.0,0.0,0.0,0.0,0.0,0.0,0.0,17
5112,2021,2,5.0,1939.3200000000002,3.0,24254,0.8660254037844386,0.5000000000000001,2.0,0.0,0.0,0.0,0.0,0.0,0.0,683.9300000000001,0.0,17
5112,2021,3,5.0,1732.3400000000001,2.0,24255,1.0,6.123233995736766e-17,5.0,2.0,0.0,0.0,0.0,0.0,0.0,1939.3200000000002,0.0,17
5112,2021,4,4.0,1439.88,1.0,24256,0.8660254037844387,-0.4999999999999998,5.0,5.0,2.0,0.0,4.0,0.0,0.0,1732.3400000000001,1451.8633333333335,17
5112,2021,5,4.0,1408.38,3.0,24257,0.49999999999999994,-0.8660254037844387,4.0,5.0,5.0,0.0,4.666666666666667,0.0,0.0,1439.88,1703.8466666666666,17
5112,2021,6,0.0,0.0,0.0,24258,1.2246467991473532e-16,-1.0,4.0,4.0,5.0,0.0,4.333333333333333,0.0,0.0,1408.38,1526.8666666666668,17
5112,2021,7,1.0,404.97,1.0,24259,-0.4999999999999997,-0.8660254037844388,0.0,4.0,4.0,0.0,2.6666666666666665,3.3333333333333335,0.0,0.0,949.4200000000001,17
5112,2021,8,0.0,0.0,0.0,24260,-0.8660254037844385,-0.5000000000000004,1.0,0.0,4.0,0.0,1.6666666666666667,3.1666666666666665,0.0,404.97,604.45,17
5112,2021,9,5.0,1943.85,2.0,24261,-1.0,-1.8369701987210297e-16,0.0,1.0,0.0,0.0,0.3333333333333333,2.3333333333333335,0.0,0.0,134.99,17
5112,2021,10,15.0,5435.53,3.0,24262,-0.8660254037844386,0.5000000000000001,5.0,0.0,1.0,0.0,2.0,2.3333333333333335,0.0,1943.85,782.9399999999999,17
5112,2021,11,5.0,1799.8400000000001,3.0,24263,-0.5000000000000004,0.8660254037844384,15.0,5.0,0.0,0.0,6.666666666666667,4.166666666666667,0.0,5435.53,2459.793333333333,17
5112,2021,12,4.0,1709.85,2.0,24264,-2.4492935982947064e-16,1.0,5.0,15.0,5.0,0.0,8.333333333333334,4.333333333333333,0.0,1799.8400000000001,3059.74,17
5112,2022,1,15.0,5475.37,7.0,24265,0.49999999999999994,0.8660254037844387,4.0,5.0,15.0,2.0,8.0,5.0,4.166666666666667,1709.85,2981.74,17
5112,2022,2,10.0,3763.57,9.0,24266,0.8660254037844386,0.5000000000000001,15.0,4.0,5.0,5.0,8.0,7.333333333333333,5.25,5475.37,2995.02,17
5112,2022,3,24.0,8496.52,13.0,24267,1.0,6.123233995736766e-17,10.0,15.0,4.0,5.0,9.666666666666666,9.0,5.666666666666667,3763.57,3649.5966666666664,17
5112,2022,4,21.0,7955.280000000001,11.0,24268,0.8660254037844387,-0.4999999999999998,24.0,10.0,15.0,4.0,16.333333333333332,12.166666666666666,7.25,8496.52,5911.82,17
5112,2022,5,23.0,8325.59,7.0,24269,0.49999999999999994,-0.8660254037844387,21.0,24.0,10.0,4.0,18.333333333333332,13.166666666666666,8.666666666666666,7955.280000000001,6738.456666666668,17
5112,2022,6,19.0,7248.22,14.0,24270,1.2246467991473532e-16,-1.0,23.0,21.0,24.0,0.0,22.666666666666668,16.166666666666668,10.25,8325.59,8259.13,17
5112,2022,7,23.0,8418.75,15.0,24271,-0.4999999999999997,-0.8660254037844388,19.0,23.0,21.0,1.0,21.0,18.666666666666668,11.833333333333334,7248.22,7843.03,17
5112,2022,8,7.0,2618.13,5.0,24272,-0.8660254037844385,-0.5000000000000004,23.0,19.0,23.0,0.0,21.666666666666668,20.0,13.666666666666666,8418.75,7997.5199999999995,17
5112,2022,9,6.0,2287.73,5.0,24273,-1.0,-1.8369701987210297e-16,7.0,23.0,19.0,5.0,16.333333333333332,19.5,14.25,2618.13,6095.033333333333,17
5112,2022,10,6.0,2371.29,5.0,24274,-0.8660254037844386,0.5000000000000001,6.0,7.0,23.0,15.0,12.0,16.5,14.333333333333334,2287.73,4441.536666666666,17
5112,2022,11,17.0,6074.46,9.0,24275,-0.5000000000000004,0.8660254037844384,6.0,6.0,7.0,5.0,6.333333333333333,14.0,13.583333333333334,2371.29,2425.716666666666,17
5112,2022,12,13.0,4715.530000000001,9.0,24276,-2.4492935982947064e-16,1.0,17.0,6.0,6.0,4.0,9.666666666666666,13.0,14.583333333333334,6074.46,3577.8266666666664,17
5112,2023,1,6.0,2235.21,4.0,24277,0.49999999999999994,0.8660254037844387,13.0,17.0,6.0,15.0,12.0,12.0,15.333333333333334,4715.530000000001,4387.093333333333,17
5112,2023,2,17.0,6404.65,9.0,24278,0.8660254037844386,0.5000000000000001,6.0,13.0,17.0,10.0,12.0,9.166666666666666,14.583333333333334,2235.21,4341.733333333333,17
5112,2023,3,18.0,6631.52,8.0,24279,1.0,6.123233995736766e-17,17.0,6.0,13.0,24.0,12.0,10.833333333333334,15.166666666666666,6404.65,4451.796666666666,17
5112,2023,4,13.0,5116.95,7.0,24280,0.8660254037844387,-0.4999999999999998,18.0,17.0,6.0,21.0,13.666666666666666,12.833333333333334,14.666666666666666,6631.52,5090.46,17
5112,2023,5,6.0,2227.9900000000002,4.0,24281,0.49999999999999994,-0.8660254037844387,13.0,18.0,17.0,23.0,16.0,14.0,14.0,5116.95,6051.04,17
5112,2023,6,5.0,1803.74,3.0,24282,1.2246467991473532e-16,-1.0,6.0,13.0,18.0,19.0,12.333333333333334,12.166666666666666,12.583333333333334,2227.9900000000002,4658.820000000001,17
5112,2023,7,14.0,4984.46,9.0,24283,-0.4999999999999997,-0.8660254037844388,5.0,6.0,13.0,23.0,8.0,10.833333333333334,11.416666666666666,1803.74,3049.5599999999995,17
5112,2023,8,16.0,5874.84,7.0,24284,-0.8660254037844385,-0.5000000000000004,14.0,5.0,6.0,7.0,8.333333333333334,12.166666666666666,10.666666666666666,4984.46,3005.396666666666,17
5112,2023,9,2.0,763.87,2.0,24285,-1.0,-1.8369701987210297e-16,16.0,14.0,5.0,6.0,11.666666666666666,12.0,11.416666666666666,5874.84,4221.013333333333,17
5112,2023,10,17.0,6343.05,10.0,24286,-0.8660254037844386,0.5000000000000001,2.0,16.0,14.0,6.0,10.666666666666666,9.333333333333334,11.083333333333334,763.87,3874.39,17
5112,2023,11,10.0,3627.19,5.0,24287,-0.5000000000000004,0.8660254037844384,17.0,2.0,16.0,17.0,11.666666666666666,10.0,12.0,6343.05,4327.253333333333,17
5112,2023,12,38.0,13994.74,13.0,24288,-2.4492935982947064e-16,1.0,10.0,17.0,2.0,13.0,9.666666666666666,10.666666666666666,11.416666666666666,3627.19,3578.0366666666664,17
5112,2024,1,9.0,3768.57,4.0,24289,0.49999999999999994,0.8660254037844387,38.0,10.0,17.0,6.0,21.666666666666668,16.166666666666668,13.5,13994.74,7988.326666666665,17
5112,2024,2,20.0,7651.4800000000005,12.0,24290,0.8660254037844386,0.5000000000000001,9.0,38.0,10.0,17.0,19.0,15.333333333333334,13.75,3768.57,7130.166666666667,17
5112,2024,3,7.0,2567.45,5.0,24291,1.0,6.123233995736766e-17,20.0,9.0,38.0,18.0,22.333333333333332,16.0,14.0,7651.4800000000005,8471.596666666666,17
5112,2024,4,23.0,8540.89,11.0,24292,0.8660254037844387,-0.4999999999999998,7.0,20.0,9.0,13.0,12.0,16.833333333333332,13.083333333333334,2567.45,4662.5,17
5112,2024,5,28.0,10502.380000000001,13.0,24293,0.49999999999999994,-0.8660254037844387,23.0,7.0,20.0,6.0,16.666666666666668,17.833333333333332,13.916666666666666,8540.89,6253.2733333333335,17
5112,2024,6,28.0,10242.97,8.0,24294,1.2246467991473532e-16,-1.0,28.0,23.0,7.0,5.0,19.333333333333332,20.833333333333332,15.75,10502.380000000001,7203.573333333334,17
5112,2024,7,29.0,10584.7,8.0,24295,-0.4999999999999997,-0.8660254037844388,28.0,28.0,23.0,14.0,26.333333333333332,19.166666666666668,17.666666666666668,10242.97,9762.08,17
5112,2024,8,16.0,6027.01,12.0,24296,-0.8660254037844385,-0.5000000000000004,29.0,28.0,28.0,16.0,28.333333333333332,22.5,18.916666666666668,10584.7,10443.35,17
5112,2024,9,11.0,4351.04,9.0,24297,-1.0,-1.8369701987210297e-16,16.0,29.0,28.0,2.0,24.333333333333332,21.833333333333332,18.916666666666668,6027.01,8951.56,17
5112,2024,10,22.0,8150.35,9.0,24298,-0.8660254037844386,0.5000000000000001,11.0,16.0,29.0,17.0,18.666666666666668,22.5,19.666666666666668,4351.04,6987.583333333332,17
5112,2024,11,17.0,6352.6900000000005,7.0,24299,-0.5000000000000004,0.8660254037844384,22.0,11.0,16.0,10.0,16.333333333333332,22.333333333333332,20.083333333333332,8150.35,6176.133333333332,17
5112,2024,12,31.0,11718.98,11.0,24300,-2.4492935982947064e-16,1.0,17.0,22.0,11.0,38.0,16.666666666666668,20.5,20.666666666666668,6352.6900000000005,6284.693333333333,17
5112,2025,1,10.0,3944.15,5.0,24301,0.49999999999999994,0.8660254037844387,31.0,17.0,22.0,9.0,23.333333333333332,21.0,20.083333333333332,11718.98,8740.673333333332,17
5112,2025,2,17.0,6813.91,9.0,24302,0.8660254037844386,0.5000000000000001,10.0,31.0,17.0,20.0,19.333333333333332,17.833333333333332,20.166666666666668,3944.15,7338.606666666667,17
5112,2025,3,16.0,6317.33,9.0,24303,1.0,6.123233995736766e-17,17.0,10.0,31.0,7.0,19.333333333333332,18.0,19.916666666666668,6813.91,7492.3466666666645,17
5112,2025,4,17.0,6405.37,11.0,24304,0.8660254037844387,-0.4999999999999998,16.0,17.0,10.0,23.0,14.333333333333334,18.833333333333332,20.666666666666668,6317.33,5691.796666666665,17
5112,2025,5,45.0,16938.329999999998,15.0,24305,0.49999999999999994,-0.8660254037844387,17.0,16.0,17.0,28.0,16.666666666666668,18.0,20.166666666666668,6405.37,6512.203333333332,17
5112,2025,6,4.0,1599.6100000000001,4.0,24306,1.2246467991473532e-16,-1.0,45.0,17.0,16.0,28.0,26.0,22.666666666666668,21.583333333333332,16938.329999999998,9887.009999999998,17
5112,2025,7,18.0,7248.4400000000005,7.0,24307,-0.4999999999999997,-0.8660254037844388,4.0,45.0,17.0,29.0,22.0,18.166666666666668,19.583333333333332,1599.6100000000001,8314.436666666666,17
5112,2025,8,8.0,3342.5299999999997,5.0,24308,-0.8660254037844385,-0.5000000000000004,18.0,4.0,45.0,16.0,22.333333333333332,19.5,18.666666666666668,7248.4400000000005,8595.46,17
5112,2025,9,21.0,7595.719999999999,10.0,24309,-1.0,-1.8369701987210297e-16,8.0,18.0,4.0,11.0,10.0,18.0,18.0,3342.5299999999997,4063.526666666666,17
5112,2025,10,12.0,4770.22,6.0,24310,-0.8660254037844386,0.5000000000000001,21.0,8.0,18.0,22.0,15.666666666666666,18.833333333333332,18.833333333333332,7595.719999999999,6062.229999999999,17
5112,2025,11,16.0,5529.45,5.0,24311,-0.5000000000000004,0.8660254037844384,12.0,21.0,8.0,17.0,13.666666666666666,18.0,18.0,4770.22,5236.156666666665,17
5112,2025,12,22.0,9005.6,11.0,24312,-2.4492935982947064e-16,1.0,16.0,12.0,21.0,31.0,16.333333333333332,13.166666666666666,17.916666666666668,5529.45,5965.129999999998,17
5115,2021,1,161.0,67710.28,75.0,24253,0.49999999999999994,0.8660254037844387,0.0,0.0,0.0,0.0,0.0,0.0,0.0,0.0,0.0,18
5115,2021,2,166.0,72481.37,72.0,24254,0.8660254037844386,0.5000000000000001,161.0,0.0,0.0,0.0,0.0,0.0,0.0,67710.28,0.0,18
5115,2021,3,211.0,87603.84,85.0,24255,1.0,6.123233995736766e-17,166.0,161.0,0.0,0.0,0.0,0.0,0.0,72481.37,0.0,18
5115,2021,4,185.0,78411.07,76.0,24256,0.8660254037844387,-0.4999999999999998,211.0,166.0,161.0,0.0,179.33333333333334,0.0,0.0,87603.84,75931.83,18
5115,2021,5,137.0,59115.6,72.0,24257,0.49999999999999994,-0.8660254037844387,185.0,211.0,166.0,0.0,187.33333333333334,0.0,0.0,78411.07,79498.76,18
5115,2021,6,188.0,77626.88,74.0,24258,1.2246467991473532e-16,-1.0,137.0,185.0,211.0,0.0,177.66666666666666,0.0,0.0,59115.6,75043.50333333334,18
5115,2021,7,219.0,94985.89,93.0,24259,-0.4999999999999997,-0.8660254037844388,188.0,137.0,185.0,0.0,170.0,174.66666666666666,0.0,77626.88,71717.85,18
5115,2021,8,255.0,106723.62,109.0,24260,-0.8660254037844385,-0.5000000000000004,219.0,188.0,137.0,0.0,181.33333333333334,184.33333333333334,0.0,94985.89,77242.79,18
5115,2021,9,179.0,77937.24,94.0,24261,-1.0,-1.8369701987210297e-16,255.0,219.0,188.0,0.0,220.66666666666666,199.16666666666666,0.0,106723.62,93112.13,18
5115,2021,10,210.0,90814.36,91.0,24262,-0.8660254037844386,0.5000000000000001,179.0,255.0,219.0,0.0,217.66666666666666,193.83333333333334,0.0,77937.24,93215.58333333333,18
5115,2021,11,261.0,108698.75,90.0,24263,-0.5000000000000004,0.8660254037844384,210.0,179.0,255.0,0.0,214.66666666666666,198.0,0.0,90814.36,91825.07333333332,18
5115,2021,12,211.0,89825.21,76.0,24264,-2.4492935982947064e-16,1.0,261.0,210.0,179.0,0.0,216.66666666666666,218.66666666666666,0.0,108698.75,92483.45,18
5115,2022,1,206.0,87799.57,86.0,24265,0.49999999999999994,0.8660254037844387,211.0,261.0,210.0,161.0,227.33333333333334,222.5,198.58333333333334,89825.21,96446.10666666667,18
5115,2022,2,195.0,80755.34,82.0,24266,0.8660254037844386,0.5000000000000001,206.0,211.0,261.0,166.0,226.0,220.33333333333334,202.33333333333334,87799.57,95441.17666666668,18
5115,2022,3,159.0,65501.09,75.0,24267,1.0,6.123233995736766e-17,195.0,206.0,211.0,211.0,204.0,210.33333333333334,204.75,80755.34,86126.70666666668,18
5115,2022,4,236.0,97120.2,87.0,24268,0.8660254037844387,-0.4999999999999998,159.0,195.0,206.0,185.0,186.66666666666666,207.0,200.41666666666666,65501.09,78018.66666666667,18
5115,2022,5,183.0,75721.67,73.0,24269,0.49999999999999994,-0.8660254037844387,236.0,159.0,195.0,137.0,196.66666666666666,211.33333333333334,204.66666666666666,97120.2,81125.54333333333,18
5115,2022,6,129.0,54759.79,59.0,24270,1.2246467991473532e-16,-1.0,183.0,236.0,159.0,188.0,192.66666666666666,198.33333333333334,208.5,75721.67,79447.65333333334,18
5115,2022,7,265.0,108572.45999999999,98.0,24271,-0.4999999999999997,-0.8660254037844388,129.0,183.0,236.0,219.0,182.66666666666666,184.66666666666666,203.58333333333334,54759.79,75867.22,18
5115,2022,8,182.0,75783.03,81.0,24272,-0.8660254037844385,-0.5000000000000004,265.0,129.0,183.0,255.0,192.33333333333334,194.5,207.41666666666666,108572.45999999999,79684.64,18
5115,2022,9,147.0,61541.4,70.0,24273,-1.0,-1.8369701987210297e-16,182.0,265.0,129.0,179.0,192.0,192.33333333333334,201.33333333333334,75783.03,79705.09333333334,18
5115,2022,10,149.0,61613.0,60.0,24274,-0.8660254037844386,0.5000000000000001,147.0,182.0,265.0,210.0,198.0,190.33333333333334,198.66666666666666,61541.4,81965.63,18
5115,2022,11,186.0,77190.27,72.0,24275,-0.5000000000000004,0.8660254037844384,149.0,147.0,182.0,261.0,159.33333333333334,175.83333333333334,193.58333333333334,61613.0,66312.47666666667,18
5115,2022,12,133.0,58249.92,58.0,24276,-2.4492935982947064e-16,1.0,186.0,149.0,147.0,211.0,160.66666666666666,176.33333333333334,187.33333333333334,77190.27,66781.55666666667,18
5115,2023,1,164.0,68241.87,64.0,24277,0.49999999999999994,0.8660254037844387,133.0,186.0,149.0,206.0,156.0,177.0,180.83333333333334,58249.92,65684.39666666667,18
5115,2023,2,170.0,71427.45,67.0,24278,0.8660254037844386,0.5000000000000001,164.0,133.0,186.0,195.0,161.0,160.16666666666666,177.33333333333334,68241.87,67894.02,18
5115,2023,3,217.0,88701.75,88.0,24279,1.0,6.123233995736766e-17,170.0,164.0,133.0,159.0,155.66666666666666,158.16666666666666,175.25,71427.45,65973.08,18
5115,2023,4,162.0,68478.9,70.0,24280,0.8660254037844387,-0.4999999999999998,217.0,170.0,164.0,236.0,183.66666666666666,169.83333333333334,180.08333333333334,88701.75,76123.69,18
5115,2023,5,188.0,79825.5,66.0,24281,0.49999999999999994,-0.8660254037844387,162.0,217.0,170.0,183.0,183.0,172.0,173.91666666666666,68478.9,76202.7,18
5115,2023,6,190.0,80094.37,77.0,24282,1.2246467991473532e-16,-1.0,188.0,162.0,217.0,129.0,189.0,172.33333333333334,174.33333333333334,79825.5,79002.05,18
5115,2023,7,177.0,73718.04,70.0,24283,-0.4999999999999997,-0.8660254037844388,190.0,188.0,162.0,265.0,180.0,181.83333333333334,179.41666666666666,80094.37,76132.92333333332,18
5115,2023,8,142.0,60427.01,65.0,24284,-0.8660254037844385,-0.5000000000000004,177.0,190.0,188.0,182.0,185.0,184.0,172.08333333333334,73718.04,77879.30333333333,18
5115,2023,9,137.0,56088.56,134.0,24285,-1.0,-1.8369701987210297e-16,142.0,177.0,190.0,147.0,169.66666666666666,179.33333333333334,168.75,60427.01,71413.14,18
5115,2023,10,202.0,84784.34,80.0,24286,-0.8660254037844386,0.5000000000000001,137.0,142.0,177.0,149.0,152.0,166.0,167.91666666666666,56088.56,63411.20333333333,18
5115,2023,11,70.0,29369.86,31.0,24287,-0.5000000000000004,0.8660254037844384,202.0,137.0,142.0,186.0,160.33333333333334,172.66666666666666,172.33333333333334,84784.34,67099.96999999999,18
5115,2023,12,261.0,109657.75,94.0,24288,-2.4492935982947064e-16,1.0,70.0,202.0,137.0,133.0,136.33333333333334,153.0,162.66666666666666,29369.86,56747.58666666666,18
5115,2024,1,93.0,38563.98,33.0,24289,0.49999999999999994,0.8660254037844387,261.0,70.0,202.0,164.0,177.66666666666666,164.83333333333334,173.33333333333334,109657.75,74603.98333333332,18
5115,2024,2,224.0,96642.1,101.0,24290,0.8660254037844386,0.5000000000000001,93.0,261.0,70.0,170.0,141.33333333333334,150.83333333333334,167.41666666666666,38563.98,59197.19666666666,18
5115,2024,3,171.0,72811.48,75.0,24291,1.0,6.123233995736766e-17,224.0,93.0,261.0,217.0,192.66666666666666,164.5,171.91666666666666,96642.1,81621.27666666666,18
5115,2024,4,250.0,105945.73,94.0,24292,0.8660254037844387,-0.4999999999999998,171.0,224.0,93.0,162.0,162.66666666666666,170.16666666666666,168.08333333333334,72811.48,69339.18666666666,18
5115,2024,5,174.0,72414.69,84.0,24293,0.49999999999999994,-0.8660254037844387,250.0,171.0,224.0,188.0,215.0,178.16666666666666,175.41666666666666,105945.73,91799.77,18
5115,2024,6,114.0,47184.56,60.0,24294,1.2246467991473532e-16,-1.0,174.0,250.0,171.0,190.0,198.33333333333334,195.5,174.25,72414.69,83723.96666666666,18
5115,2024,7,171.0,72138.77,74.0,24295,-0.4999999999999997,-0.8660254037844388,114.0,174.0,250.0,177.0,179.33333333333334,171.0,167.91666666666666,47184.56,75181.65999999999,18
5115,2024,8,150.0,64699.69,72.0,24296,-0.8660254037844385,-0.5000000000000004,171.0,114.0,174.0,142.0,153.0,184.0,167.41666666666666,72138.77,63912.67333333334,18
5115,2024,9,165.0,68986.86,75.0,24297,-1.0,-1.8369701987210297e-16,150.0,171.0,114.0,137.0,145.0,171.66666666666666,168.08333333333334,64699.69,61341.006666666675,18
5115,2024,10,187.0,78704.56,80.0,24298,-0.8660254037844386,0.5000000000000001,165.0,150.0,171.0,202.0,162.0,170.66666666666666,170.41666666666666,68986.86,68608.44,18
5115,2024,11,184.0,76721.89,88.0,24299,-0.5000000000000004,0.8660254037844384,187.0,165.0,150.0,70.0,167.33333333333334,160.16666666666666,169.16666666666666,78704.56,70797.03666666667,18
5115,2024,12,214.0,91624.71,94.0,24300,-2.4492935982947064e-16,1.0,184.0,187.0,165.0,261.0,178.66666666666666,161.83333333333334,178.66666666666666,76721.89,74804.43666666666,18
5115,2025,1,121.0,52299.770000000004,47.0,24301,0.49999999999999994,0.8660254037844387,214.0,184.0,187.0,93.0,195.0,178.5,174.75,91624.71,82350.38666666667,18
5115,2025,2,238.0,99209.68000000001,74.0,24302,0.8660254037844386,0.5000000000000001,121.0,214.0,184.0,224.0,173.0,170.16666666666666,177.08333333333334,52299.770000000004,73548.79,18
5115,2025,3,224.0,97587.29,91.0,24303,1.0,6.123233995736766e-17,238.0,121.0,214.0,171.0,191.0,184.83333333333334,178.25,99209.68000000001,81044.72,18
5115,2025,4,257.0,112268.06,98.0,24304,0.8660254037844387,-0.4999999999999998,224.0,238.0,121.0,250.0,194.33333333333334,194.66666666666666,182.66666666666666,97587.29,83032.24666666666,18
5115,2025,5,187.0,76751.84,300.0,24305,0.49999999999999994,-0.8660254037844387,257.0,224.0,238.0,174.0,239.66666666666666,206.33333333333334,183.25,112268.06,103021.67666666665,18
5115,2025,6,131.0,56035.5,57.0,24306,1.2246467991473532e-16,-1.0,187.0,257.0,224.0,114.0,222.66666666666666,206.83333333333334,184.33333333333334,76751.84,95535.73,18
5115,2025,7,192.0,82533.24,128.0,24307,-0.4999999999999997,-0.8660254037844388,131.0,187.0,257.0,171.0,191.66666666666666,193.0,185.75,56035.5,81685.13333333335,18
5115,2025,8,152.0,63620.07,58.0,24308,-0.8660254037844385,-0.5000000000000004,192.0,131.0,187.0,150.0,170.0,204.83333333333334,187.5,82533.24,71773.52666666667,18
5115,2025,9,117.0,52245.09,51.0,24309,-1.0,-1.8369701987210297e-16,152.0,192.0,131.0,165.0,158.33333333333334,190.5,187.66666666666666,63620.07,67396.27,18
5115,2025,10,199.0,87416.40000000001,92.0,24310,-0.8660254037844386,0.5000000000000001,117.0,152.0,192.0,187.0,153.66666666666666,172.66666666666666,183.66666666666666,52245.09,66132.8,18
5115,2025,11,129.0,55588.69,50.0,24311,-0.5000000000000004,0.8660254037844384,199.0,117.0,152.0,184.0,156.0,163.0,184.66666666666666,87416.40000000001,67760.52,18
5115,2025,12,212.0,93233.58,84.0,24312,-2.4492935982947064e-16,1.0,129.0,199.0,117.0,214.0,148.33333333333334,153.33333333333334,180.08333333333334,55588.69,65083.39333333333,18
5116,2021,1,9.0,5225.99,6.0,24253,0.49999999999999994,0.8660254037844387,0.0,0.0,0.0,0.0,0.0,0.0,0.0,0.0,0.0,19
5116,2021,2,19.0,11386.8,12.0,24254,0.8660254037844386,0.5000000000000001,9.0,0.0,0.0,0.0,0.0,0.0,0.0,5225.99,0.0,19
5116,2021,3,15.0,8783.17,12.0,24255,1.0,6.123233995736766e-17,19.0,9.0,0.0,0.0,0.0,0.0,0.0,11386.8,0.0,19
5116,2021,4,18.0,10262.76,12.0,24256,0.8660254037844387,-0.4999999999999998,15.0,19.0,9.0,0.0,14.333333333333334,0.0,0.0,8783.17,8465.32,19
5116,2021,5,11.0,6177.51,7.0,24257,0.49999999999999994,-0.8660254037844387,18.0,15.0,19.0,0.0,17.333333333333332,0.0,0.0,10262.76,10144.243333333334,19
5116,2021,6,8.0,4786.82,6.0,24258,1.2246467991473532e-16,-1.0,11.0,18.0,15.0,0.0,14.666666666666666,0.0,0.0,6177.51,8407.813333333334,19
5116,2021,7,24.0,14808.07,15.0,24259,-0.4999999999999997,-0.8660254037844388,8.0,11.0,18.0,0.0,12.333333333333334,13.333333333333334,0.0,4786.82,7075.696666666667,19
5116,2021,8,28.0,15903.88,13.0,24260,-0.8660254037844385,-0.5000000000000004,24.0,8.0,11.0,0.0,14.333333333333334,15.833333333333334,0.0,14808.07,8590.800000000001,19
5116,2021,9,16.0,9466.99,10.0,24261,-1.0,-1.8369701987210297e-16,28.0,24.0,8.0,0.0,20.0,17.333333333333332,0.0,15903.88,11832.923333333332,19
5116,2021,10,16.0,9415.779999999999,13.0,24262,-0.8660254037844386,0.5000000000000001,16.0,28.0,24.0,0.0,22.666666666666668,17.5,0.0,9466.99,13392.979999999998,19
5116,2021,11,44.0,25894.769999999997,17.0,24263,-0.5000000000000004,0.8660254037844384,16.0,16.0,28.0,0.0,20.0,17.166666666666668,0.0,9415.779999999999,11595.549999999997,19
5116,2021,12,7.0,4333.08,6.0,24264,-2.4492935982947064e-16,1.0,44.0,16.0,16.0,0.0,25.333333333333332,22.666666666666668,0.0,25894.769999999997,14925.846666666665,19
5116,2022,1,22.0,12782.67,13.0,24265,0.49999999999999994,0.8660254037844387,7.0,44.0,16.0,9.0,22.333333333333332,22.5,17.916666666666668,4333.08,13214.543333333333,19
5116,2022,2,26.0,15447.96,18.0,24266,0.8660254037844386,0.5000000000000001,22.0,7.0,44.0,19.0,24.333333333333332,22.166666666666668,19.0,12782.67,14336.839999999998,19
5116,2022,3,14.0,8224.88,7.0,24267,1.0,6.123233995736766e-17,26.0,22.0,7.0,15.0,18.333333333333332,21.833333333333332,19.583333333333332,15447.96,10854.57,19
5116,2022,4,24.0,14045.789999999999,15.0,24268,0.8660254037844387,-0.4999999999999998,14.0,26.0,22.0,18.0,20.666666666666668,21.5,19.5,8224.88,12151.836666666664,19
5116,2022,5,16.0,9441.94,8.0,24269,0.49999999999999994,-0.8660254037844387,24.0,14.0,26.0,11.0,21.333333333333332,22.833333333333332,20.0,14045.789999999999,12572.876666666665,19
5116,2022,6,10.0,5950.58,7.0,24270,1.2246467991473532e-16,-1.0,16.0,24.0,14.0,8.0,18.0,18.166666666666668,20.416666666666668,9441.94,10570.87,19
5116,2022,7,30.0,17210.9,18.0,24271,-0.4999999999999997,-0.8660254037844388,10.0,16.0,24.0,24.0,16.666666666666668,18.666666666666668,20.583333333333332,5950.58,9812.77,19
5116,2022,8,5.0,3000.92,5.0,24272,-0.8660254037844385,-0.5000000000000004,30.0,10.0,16.0,28.0,18.666666666666668,20.0,21.083333333333332,17210.9,10867.806666666667,19
5116,2022,9,21.0,11801.87,13.0,24273,-1.0,-1.8369701987210297e-16,5.0,30.0,10.0,16.0,15.0,16.5,19.166666666666668,3000.92,8720.800000000001,19
5116,2022,10,12.0,7183.38,8.0,24274,-0.8660254037844386,0.5000000000000001,21.0,5.0,30.0,16.0,18.666666666666668,17.666666666666668,19.583333333333332,11801.87,10671.230000000001,19
5116,2022,11,8.0,4749.21,6.0,24275,-0.5000000000000004,0.8660254037844384,12.0,21.0,5.0,44.0,12.666666666666666,15.666666666666666,19.25,7183.38,7328.723333333334,19
5116,2022,12,8.0,5082.74,7.0,24276,-2.4492935982947064e-16,1.0,8.0,12.0,21.0,7.0,13.666666666666666,14.333333333333334,16.25,4749.21,7911.486666666667,19
5116,2023,1,7.0,3770.16,4.0,24277,0.49999999999999994,0.8660254037844387,8.0,8.0,12.0,22.0,9.333333333333334,14.0,16.333333333333332,5082.74,5671.776666666668,19
5116,2023,2,6.0,3462.0099999999998,4.0,24278,0.8660254037844386,0.5000000000000001,7.0,8.0,8.0,26.0,7.666666666666667,10.166666666666666,15.083333333333334,3770.16,4534.036666666666,19
5116,2023,3,28.0,16218.67,13.0,24279,1.0,6.123233995736766e-17,6.0,7.0,8.0,14.0,7.0,10.333333333333334,13.416666666666666,3462.0099999999998,4104.97,19
5116,2023,4,9.0,5255.86,6.0,24280,0.8660254037844387,-0.4999999999999998,28.0,6.0,7.0,24.0,13.666666666666666,11.5,14.583333333333334,16218.67,7816.946666666667,19
5116,2023,5,17.0,10713.220000000001,9.0,24281,0.49999999999999994,-0.8660254037844387,9.0,28.0,6.0,16.0,14.333333333333334,11.0,13.333333333333334,5255.86,8312.18,19
5116,2023,6,9.0,5494.72,9.0,24282,1.2246467991473532e-16,-1.0,17.0,9.0,28.0,10.0,18.0,12.5,13.416666666666666,10713.220000000001,10729.250000000002,19
5116,2023,7,25.0,14573.02,14.0,24283,-0.4999999999999997,-0.8660254037844388,9.0,17.0,9.0,30.0,11.666666666666666,12.666666666666666,13.333333333333334,5494.72,7154.600000000001,19
5116,2023,8,18.0,10885.01,12.0,24284,-0.8660254037844385,-0.5000000000000004,25.0,9.0,17.0,5.0,17.0,15.666666666666666,12.916666666666666,14573.02,10260.320000000002,19
5116,2023,9,10.0,5487.27,6.0,24285,-1.0,-1.8369701987210297e-16,18.0,25.0,9.0,21.0,17.333333333333332,17.666666666666668,14.0,10885.01,10317.583333333334,19
5116,2023,10,21.0,12134.9,14.0,24286,-0.8660254037844386,0.5000000000000001,10.0,18.0,25.0,12.0,17.666666666666668,14.666666666666666,13.083333333333334,5487.27,10315.1,19
5116,2023,11,7.0,4393.04,5.0,24287,-0.5000000000000004,0.8660254037844384,21.0,10.0,18.0,8.0,16.333333333333332,16.666666666666668,13.833333333333334,12134.9,9502.393333333333,19
5116,2023,12,15.0,9100.66,13.0,24288,-2.4492935982947064e-16,1.0,7.0,21.0,10.0,8.0,12.666666666666666,15.0,13.75,4393.04,7338.403333333333,19
5116,2024,1,9.0,5398.34,6.0,24289,0.49999999999999994,0.8660254037844387,15.0,7.0,21.0,7.0,14.333333333333334,16.0,14.333333333333334,9100.66,8542.866666666667,19
5116,2024,2,23.0,14639.38,14.0,24290,0.8660254037844386,0.5000000000000001,9.0,15.0,7.0,6.0,10.333333333333334,13.333333333333334,14.5,5398.34,6297.346666666667,19
5116,2024,3,28.0,16911.89,16.0,24291,1.0,6.123233995736766e-17,23.0,9.0,15.0,28.0,15.666666666666666,14.166666666666666,15.916666666666666,14639.38,9712.793333333333,19
5116,2024,4,26.0,15072.130000000001,16.0,24292,0.8660254037844387,-0.4999999999999998,28.0,23.0,9.0,9.0,20.0,17.166666666666668,15.916666666666666,16911.89,12316.536666666667,19
5116,2024,5,32.0,18952.5,14.0,24293,0.49999999999999994,-0.8660254037844387,26.0,28.0,23.0,17.0,25.666666666666668,18.0,17.333333333333332,15072.130000000001,15541.133333333331,19
5116,2024,6,10.0,6260.5599999999995,8.0,24294,1.2246467991473532e-16,-1.0,32.0,26.0,28.0,9.0,28.666666666666668,22.166666666666668,18.583333333333332,18952.5,16978.84,19
5116,2024,7,12.0,6835.34,6.0,24295,-0.4999999999999997,-0.8660254037844388,10.0,32.0,26.0,25.0,22.666666666666668,21.333333333333332,18.666666666666668,6260.5599999999995,13428.396666666667,19
5116,2024,8,17.0,10923.2,11.0,24296,-0.8660254037844385,-0.5000000000000004,12.0,10.0,32.0,18.0,18.0,21.833333333333332,17.583333333333332,6835.34,10682.800000000001,19
5116,2024,9,15.0,9181.119999999999,9.0,24297,-1.0,-1.8369701987210297e-16,17.0,12.0,10.0,10.0,13.0,20.833333333333332,17.5,10923.2,8006.366666666666,19
5116,2024,10,19.0,11519.09,13.0,24298,-0.8660254037844386,0.5000000000000001,15.0,17.0,12.0,21.0,14.666666666666666,18.666666666666668,17.916666666666668,9181.119999999999,8979.886666666667,19
5116,2024,11,28.0,4520.66,7.0,24299,-0.5000000000000004,0.8660254037844384,19.0,15.0,17.0,7.0,17.0,17.5,17.75,11519.09,10541.136666666665,19
5116,2024,12,31.0,17697.45,11.0,24300,-2.4492935982947064e-16,1.0,28.0,19.0,15.0,15.0,20.666666666666668,16.833333333333332,19.5,4520.66,8406.956666666667,19
5116,2025,1,16.0,10127.68,10.0,24301,0.49999999999999994,0.8660254037844387,31.0,28.0,19.0,9.0,26.0,20.333333333333332,20.833333333333332,17697.45,11245.733333333332,19
5116,2025,2,30.0,17663.43,18.0,24302,0.8660254037844386,0.5000000000000001,16.0,31.0,28.0,23.0,25.0,21.0,21.416666666666668,10127.68,10781.929999999998,19
5116,2025,3,23.0,12834.98,8.0,24303,1.0,6.123233995736766e-17,30.0,16.0,31.0,28.0,25.666666666666668,23.166666666666668,22.0,17663.43,15162.853333333333,19
5116,2025,4,16.0,9818.210000000001,10.0,24304,0.8660254037844387,-0.4999999999999998,23.0,30.0,16.0,26.0,23.0,24.5,21.583333333333332,12834.98,13542.029999999999,19
5116,2025,5,36.0,22263.18,18.0,24305,0.49999999999999994,-0.8660254037844387,16.0,23.0,30.0,32.0,23.0,24.0,20.75,9818.210000000001,13438.873333333331,19
5116,2025,6,14.0,8794.41,10.0,24306,1.2246467991473532e-16,-1.0,36.0,16.0,23.0,10.0,25.0,25.333333333333332,21.083333333333332,22263.18,14972.123333333331,19
5116,2025,7,21.0,12541.87,12.0,24307,-0.4999999999999997,-0.8660254037844388,14.0,36.0,16.0,12.0,22.0,22.5,21.416666666666668,8794.41,13625.266666666665,19
5116,2025,8,11.0,7051.34,6.0,24308,-0.8660254037844385,-0.5000000000000004,21.0,14.0,36.0,17.0,23.666666666666668,23.333333333333332,22.166666666666668,12541.87,14533.153333333334,19
5116,2025,9,12.0,7859.51,11.0,24309,-1.0,-1.8369701987210297e-16,11.0,21.0,14.0,15.0,15.333333333333334,20.166666666666668,21.666666666666668,7051.34,9462.539999999999,19
5116,2025,10,12.0,7732.68,10.0,24310,-0.8660254037844386,0.5000000000000001,12.0,11.0,21.0,19.0,14.666666666666666,18.333333333333332,21.416666666666668,7859.51,9150.906666666666,19
5116,2025,11,21.0,12605.26,13.0,24311,-0.5000000000000004,0.8660254037844384,12.0,12.0,11.0,28.0,11.666666666666666,17.666666666666668,20.833333333333332,7732.68,7547.843333333333,19
5116,2025,12,25.0,15088.45,16.0,24312,-2.4492935982947064e-16,1.0,21.0,12.0,12.0,31.0,15.0,15.166666666666666,20.25,12605.26,9399.15,19
5117,2021,1,4.0,1101.6399999999999,2.0,24253,0.49999999999999994,0.8660254037844387,0.0,0.0,0.0,0.0,0.0,0.0,0.0,0.0,0.0,20
5117,2021,2,1.0,346.44,1.0,24254,0.8660254037844386,0.5000000000000001,4.0,0.0,0.0,0.0,0.0,0.0,0.0,1101.6399999999999,0.0,20
5117,2021,3,0.0,0.0,0.0,24255,1.0,6.123233995736766e-17,1.0,4.0,0.0,0.0,0.0,0.0,0.0,346.44,0.0,20
5117,2021,4,11.0,3325.8,6.0,24256,0.8660254037844387,-0.4999999999999998,0.0,1.0,4.0,0.0,1.6666666666666667,0.0,0.0,0.0,482.6933333333321,20
5117,2021,5,3.0,963.1,3.0,24257,0.49999999999999994,-0.8660254037844387,11.0,0.0,1.0,0.0,4.0,0.0,0.0,3325.8,1224.0799999999988,20
5117,2021,6,3.0,983.89,2.0,24258,1.2246467991473532e-16,-1.0,3.0,11.0,0.0,0.0,4.666666666666667,0.0,0.0,963.1,1429.6333333333323,20
5117,2021,7,1.0,291.02,1.0,24259,-0.4999999999999997,-0.8660254037844388,3.0,3.0,11.0,0.0,5.666666666666667,3.6666666666666665,0.0,983.89,1757.5966666666654,20
5117,2021,8,4.0,1108.58,3.0,24260,-0.8660254037844385,-0.5000000000000004,1.0,3.0,3.0,0.0,2.3333333333333335,3.1666666666666665,0.0,291.02,746.0033333333322,20
5117,2021,9,2.0,623.6,2.0,24261,-1.0,-1.8369701987210297e-16,4.0,1.0,3.0,0.0,2.6666666666666665,3.6666666666666665,0.0,1108.58,794.4966666666654,20
5117,2021,10,15.0,4417.07,1.0,24262,-0.8660254037844386,0.5000000000000001,2.0,4.0,1.0,0.0,2.3333333333333335,4.0,0.0,623.6,674.3999999999987,20
5117,2021,11,19.0,5490.9800000000005,5.0,24263,-0.5000000000000004,0.8660254037844384,15.0,2.0,4.0,0.0,7.0,4.666666666666667,0.0,4417.07,2049.7499999999986,20
5117,2021,12,20.0,5889.42,1.0,24264,-2.4492935982947064e-16,1.0,19.0,15.0,2.0,0.0,12.0,7.333333333333333,0.0,5490.9800000000005,3510.5499999999993,20
5117,2022,1,0.0,0.0,0.0,24265,0.49999999999999994,0.8660254037844387,20.0,19.0,15.0,4.0,18.0,10.166666666666666,6.916666666666667,5889.42,5265.823333333333,20
5117,2022,2,3.0,900.74,2.0,24266,0.8660254037844386,0.5000000000000001,0.0,20.0,19.0,1.0,13.0,10.0,6.583333333333333,0.0,3793.466666666666,20
5117,2022,3,9.0,2477.02,3.0,24267,1.0,6.123233995736766e-17,3.0,0.0,20.0,0.0,7.666666666666667,9.833333333333334,6.75,900.74,2263.3866666666654,20
5117,2022,4,22.0,6443.72,2.0,24268,0.8660254037844387,-0.4999999999999998,9.0,3.0,0.0,11.0,4.0,11.0,7.5,2477.02,1125.919999999999,20
5117,2022,5,2.0,623.57,1.0,24269,0.49999999999999994,-0.8660254037844387,22.0,9.0,3.0,3.0,11.333333333333334,12.166666666666666,8.416666666666666,6443.72,3273.8266666666655,20
5117,2022,6,2.0,582.03,2.0,24270,1.2246467991473532e-16,-1.0,2.0,22.0,9.0,3.0,11.0,9.333333333333334,8.333333333333334,623.57,3181.436666666666,20
5117,2022,7,1.0,284.08,1.0,24271,-0.4999999999999997,-0.8660254037844388,2.0,2.0,22.0,1.0,8.666666666666666,6.333333333333333,8.25,582.03,2549.773333333332,20
5117,2022,8,0.0,0.0,0.0,24272,-0.8660254037844385,-0.5000000000000004,1.0,2.0,2.0,4.0,1.6666666666666667,6.5,8.25,284.08,496.5599999999988,20
5117,2022,9,2.0,519.64,1.0,24273,-1.0,-1.8369701987210297e-16,0.0,1.0,2.0,2.0,1.0,6.0,7.916666666666667,0.0,288.70333333333207,20
5117,2022,10,0.0,0.0,0.0,24274,-0.8660254037844386,0.5000000000000001,2.0,0.0,1.0,15.0,1.0,4.833333333333333,7.916666666666667,519.64,267.90666666666544,20
5117,2022,11,6.0,1749.49,3.0,24275,-0.5000000000000004,0.8660254037844384,0.0,2.0,0.0,19.0,0.6666666666666666,1.1666666666666667,6.666666666666667,0.0,173.21333333333214,20
5117,2022,12,43.0,12700.37,4.0,24276,-2.4492935982947064e-16,1.0,6.0,0.0,2.0,20.0,2.6666666666666665,1.8333333333333333,5.583333333333333,1749.49,756.3766666666655,20
5117,2023,1,0.0,0.0,0.0,24277,0.49999999999999994,0.8660254037844387,43.0,6.0,0.0,0.0,16.333333333333332,8.666666666666666,7.5,12700.37,4816.619999999999,20
5117,2023,2,2.0,600.74,1.0,24278,0.8660254037844386,0.5000000000000001,0.0,43.0,6.0,3.0,16.333333333333332,8.5,7.5,0.0,4816.619999999999,20
5117,2023,3,3.0,936.44,2.0,24279,1.0,6.123233995736766e-17,2.0,0.0,43.0,9.0,15.0,8.833333333333334,7.416666666666667,600.74,4433.703333333332,20
5117,2023,4,1.0,247.37,1.0,24280,0.8660254037844387,-0.4999999999999998,3.0,2.0,0.0,22.0,1.6666666666666667,9.0,6.916666666666667,936.44,512.3933333333322,20
5117,2023,5,29.0,8640.0,4.0,24281,0.49999999999999994,-0.8660254037844387,1.0,3.0,2.0,2.0,2.0,9.166666666666666,5.166666666666667,247.37,594.8499999999989,20
5117,2023,6,3.0,901.12,1.0,24282,1.2246467991473532e-16,-1.0,29.0,1.0,3.0,2.0,11.0,13.0,7.416666666666667,8640.0,3274.603333333332,20
5117,2023,7,7.0,1925.85,4.0,24283,-0.4999999999999997,-0.8660254037844388,3.0,29.0,1.0,1.0,11.0,6.333333333333333,7.5,901.12,3262.8299999999986,20
5117,2023,8,0.0,0.0,0.0,24284,-0.8660254037844385,-0.5000000000000004,7.0,3.0,29.0,0.0,13.0,7.5,8.0,1925.85,3822.323333333332,20
5117,2023,9,0.0,0.0,0.0,24285,-1.0,-1.8369701987210297e-16,0.0,7.0,3.0,2.0,3.3333333333333335,7.166666666666667,8.0,0.0,942.323333333332,20
5117,2023,10,0.0,0.0,0.0,24286,-0.8660254037844386,0.5000000000000001,0.0,0.0,7.0,0.0,2.3333333333333335,6.666666666666667,7.833333333333333,0.0,641.9499999999988,20
5117,2023,11,0.0,0.0,0.0,24287,-0.5000000000000004,0.8660254037844384,0.0,0.0,0.0,6.0,0.0,6.5,7.833333333333333,0.0,0.0,20
5117,2023,12,24.0,7261.89,3.0,24288,-2.4492935982947064e-16,1.0,0.0,0.0,0.0,43.0,0.0,1.6666666666666667,7.333333333333333,0.0,0.0,20
5117,2024,1,0.0,0.0,0.0,24289,0.49999999999999994,0.8660254037844387,24.0,0.0,0.0,0.0,8.0,5.166666666666667,5.75,7261.89,2420.6299999999987,20
5117,2024,2,6.0,1875.07,5.0,24290,0.8660254037844386,0.5000000000000001,0.0,24.0,0.0,2.0,8.0,4.0,5.75,0.0,2420.6299999999987,20
5117,2024,3,0.0,0.0,0.0,24291,1.0,6.123233995736766e-17,6.0,0.0,24.0,3.0,10.0,5.0,6.083333333333333,1875.07,3045.6533333333323,20
5117,2024,4,2.0,661.78,2.0,24292,0.8660254037844387,-0.4999999999999998,0.0,6.0,0.0,1.0,2.0,5.0,5.833333333333333,0.0,625.0233333333321,20
5117,2024,5,3.0,882.4,1.0,24293,0.49999999999999994,-0.8660254037844387,2.0,0.0,6.0,29.0,2.6666666666666665,5.333333333333333,5.916666666666667,661.78,845.6166666666654,20
5117,2024,6,8.0,2481.73,3.0,24294,1.2246467991473532e-16,-1.0,3.0,2.0,0.0,3.0,1.6666666666666667,5.833333333333333,3.75,882.4,514.7266666666654,20
5117,2024,7,2.0,588.25,1.0,24295,-0.4999999999999997,-0.8660254037844388,8.0,3.0,2.0,7.0,4.333333333333333,3.1666666666666665,4.166666666666667,2481.73,1341.9699999999987,20
5117,2024,8,5.0,1547.86,3.0,24296,-0.8660254037844385,-0.5000000000000004,2.0,8.0,3.0,0.0,4.333333333333333,3.5,3.75,588.25,1317.459999999999,20
5117,2024,9,1.0,367.66,1.0,24297,-1.0,-1.8369701987210297e-16,5.0,2.0,8.0,0.0,5.0,3.3333333333333335,4.166666666666667,1547.86,1539.2799999999988,20
5117,2024,10,5.0,1580.93,3.0,24298,-0.8660254037844386,0.5000000000000001,1.0,5.0,2.0,0.0,2.6666666666666665,3.5,4.25,367.66,834.5899999999988,20
5117,2024,11,6.0,1790.49,4.0,24299,-0.5000000000000004,0.8660254037844384,5.0,1.0,5.0,0.0,3.6666666666666665,4.0,4.666666666666667,1580.93,1165.483333333332,20
5117,2024,12,31.0,9577.58,7.0,24300,-2.4492935982947064e-16,1.0,6.0,5.0,1.0,24.0,4.0,4.5,5.166666666666667,1790.49,1246.3599999999988,20
5117,2025,1,3.0,900.02,2.0,24301,0.49999999999999994,0.8660254037844387,31.0,6.0,5.0,0.0,14.0,8.333333333333334,5.75,9577.58,4316.333333333332,20
5117,2025,2,3.0,975.03,2.0,24302,0.8660254037844386,0.5000000000000001,3.0,31.0,6.0,6.0,13.333333333333334,8.5,6.0,900.02,4089.3633333333323,20
5117,2025,3,5.0,1331.26,3.0,24303,1.0,6.123233995736766e-17,3.0,3.0,31.0,0.0,12.333333333333334,8.166666666666666,5.75,975.03,3817.5433333333317,20
5117,2025,4,24.0,7612.700000000001,3.0,24304,0.8660254037844387,-0.4999999999999998,5.0,3.0,3.0,2.0,3.6666666666666665,8.833333333333334,6.166666666666667,1331.26,1068.7699999999988,20
5117,2025,5,3.0,975.01,2.0,24305,0.49999999999999994,-0.8660254037844387,24.0,5.0,3.0,3.0,10.666666666666666,12.0,8.0,7612.700000000001,3306.3299999999995,20
5117,2025,6,0.0,0.0,0.0,24306,1.2246467991473532e-16,-1.0,3.0,24.0,5.0,8.0,10.666666666666666,11.5,8.0,975.01,3306.323333333332,20
5117,2025,7,2.0,525.0,2.0,24307,-0.4999999999999997,-0.8660254037844388,0.0,3.0,24.0,2.0,9.0,6.333333333333333,7.333333333333333,0.0,2862.5699999999983,20
5117,2025,8,1.0,375.01,1.0,24308,-0.8660254037844385,-0.5000000000000004,2.0,0.0,3.0,5.0,1.6666666666666667,6.166666666666667,7.333333333333333,525.0,500.00333333333214,20
5117,2025,9,2.0,656.29,2.0,24309,-1.0,-1.8369701987210297e-16,1.0,2.0,0.0,1.0,1.0,5.833333333333333,7.0,375.01,300.00333333333214,20
5117,2025,10,7.0,1912.54,3.0,24310,-0.8660254037844386,0.5000000000000001,2.0,1.0,2.0,5.0,1.6666666666666667,5.333333333333333,7.083333333333333,656.29,518.7666666666654,20
5117,2025,11,0.0,0.0,0.0,24311,-0.5000000000000004,0.8660254037844384,7.0,2.0,1.0,6.0,3.3333333333333335,2.5,7.25,1912.54,981.2799999999988,20
5117,2025,12,2.0,581.25,2.0,24312,-2.4492935982947064e-16,1.0,0.0,7.0,2.0,31.0,3.0,2.0,6.75,0.0,856.2766666666654,20
5118,2021,1,17.0,6467.87,5.0,24253,0.49999999999999994,0.8660254037844387,0.0,0.0,0.0,0.0,0.0,0.0,0.0,0.0,0.0,21
5118,2021,2,15.0,5951.07,4.0,24254,0.8660254037844386,0.5000000000000001,17.0,0.0,0.0,0.0,0.0,0.0,0.0,6467.87,0.0,21
5118,2021,3,15.0,6420.87,8.0,24255,1.0,6.123233995736766e-17,15.0,17.0,0.0,0.0,0.0,0.0,0.0,5951.07,0.0,21
5118,2021,4,7.0,2923.3199999999997,4.0,24256,0.8660254037844387,-0.4999999999999998,15.0,15.0,17.0,0.0,15.666666666666666,0.0,0.0,6420.87,6279.936666666666,21
5118,2021,5,27.0,11260.08,10.0,24257,0.49999999999999994,-0.8660254037844387,7.0,15.0,15.0,0.0,12.333333333333334,0.0,0.0,2923.3199999999997,5098.419999999999,21
5118,2021,6,8.0,3257.44,3.0,24258,1.2246467991473532e-16,-1.0,27.0,7.0,15.0,0.0,16.333333333333332,0.0,0.0,11260.08,6868.089999999999,21
5118,2021,7,39.0,15415.35,11.0,24259,-0.4999999999999997,-0.8660254037844388,8.0,27.0,7.0,0.0,14.0,14.833333333333334,0.0,3257.44,5813.613333333332,21
5118,2021,8,10.0,4405.85,5.0,24260,-0.8660254037844385,-0.5000000000000004,39.0,8.0,27.0,0.0,24.666666666666668,18.5,0.0,15415.35,9977.623333333331,21
5118,2021,9,32.0,12747.81,14.0,24261,-1.0,-1.8369701987210297e-16,10.0,39.0,8.0,0.0,19.0,17.666666666666668,0.0,4405.85,7692.879999999998,21
5118,2021,10,18.0,7099.53,8.0,24262,-0.8660254037844386,0.5000000000000001,32.0,10.0,39.0,0.0,27.0,20.5,0.0,12747.81,10856.336666666664,21
5118,2021,11,27.0,10816.33,10.0,24263,-0.5000000000000004,0.8660254037844384,18.0,32.0,10.0,0.0,20.0,22.333333333333332,0.0,7099.53,8084.3966666666665,21
5118,2021,12,5.0,1983.67,3.0,24264,-2.4492935982947064e-16,1.0,27.0,18.0,32.0,0.0,25.666666666666668,22.333333333333332,0.0,10816.33,10221.223333333332,21
5118,2022,1,20.0,10116.82,14.0,24265,0.49999999999999994,0.8660254037844387,5.0,27.0,18.0,17.0,16.666666666666668,21.833333333333332,18.333333333333332,1983.67,6633.176666666664,21
5118,2022,2,20.0,8200.95,7.0,24266,0.8660254037844386,0.5000000000000001,20.0,5.0,27.0,15.0,17.333333333333332,18.666666666666668,18.583333333333332,10116.82,7638.939999999998,21
5118,2022,3,20.0,8529.86,9.0,24267,1.0,6.123233995736766e-17,20.0,20.0,5.0,15.0,15.0,20.333333333333332,19.0,8200.95,6767.146666666665,21
5118,2022,4,13.0,5523.02,7.0,24268,0.8660254037844387,-0.4999999999999998,20.0,20.0,20.0,7.0,20.0,18.333333333333332,19.416666666666668,8529.86,8949.21,21
5118,2022,5,7.0,3033.18,3.0,24269,0.49999999999999994,-0.8660254037844387,13.0,20.0,20.0,27.0,17.666666666666668,17.5,19.916666666666668,5523.02,7417.943333333334,21
5118,2022,6,23.0,9777.5,8.0,24270,1.2246467991473532e-16,-1.0,7.0,13.0,20.0,8.0,13.333333333333334,14.166666666666666,18.25,3033.18,5695.353333333333,21
5118,2022,7,13.0,5194.14,7.0,24271,-0.4999999999999997,-0.8660254037844388,23.0,7.0,13.0,39.0,14.333333333333334,17.166666666666668,19.5,9777.5,6111.233333333333,21
5118,2022,8,21.0,8357.62,8.0,24272,-0.8660254037844385,-0.5000000000000004,13.0,23.0,7.0,10.0,14.333333333333334,16.0,17.333333333333332,5194.14,6001.606666666666,21
5118,2022,9,12.0,4854.8,6.0,24273,-1.0,-1.8369701987210297e-16,21.0,13.0,23.0,32.0,19.0,16.166666666666668,18.25,8357.62,7776.419999999999,21
5118,2022,10,6.0,2584.0,4.0,24274,-0.8660254037844386,0.5000000000000001,12.0,21.0,13.0,18.0,15.333333333333334,14.833333333333334,16.583333333333332,4854.8,6135.5199999999995,21
5118,2022,11,8.0,3372.24,6.0,24275,-0.5000000000000004,0.8660254037844384,6.0,12.0,21.0,27.0,13.0,13.666666666666666,15.583333333333334,2584.0,5265.473333333332,21
5118,2022,12,8.0,3236.53,4.0,24276,-2.4492935982947064e-16,1.0,8.0,6.0,12.0,5.0,8.666666666666666,13.833333333333334,14.0,3372.24,3603.679999999999,21
5118,2023,1,9.0,3354.66,3.0,24277,0.49999999999999994,0.8660254037844387,8.0,8.0,6.0,20.0,7.333333333333333,11.333333333333334,14.25,3236.53,3064.2566666666658,21
5118,2023,2,16.0,6874.34,6.0,24278,0.8660254037844386,0.5000000000000001,9.0,8.0,8.0,20.0,8.333333333333334,10.666666666666666,13.333333333333334,3354.66,3321.143333333332,21
5118,2023,3,33.0,13009.869999999999,11.0,24279,1.0,6.123233995736766e-17,16.0,9.0,8.0,20.0,11.0,9.833333333333334,13.0,6874.34,4488.509999999999,21
5118,2023,4,12.0,4920.16,7.0,24280,0.8660254037844387,-0.4999999999999998,33.0,16.0,9.0,13.0,19.333333333333332,13.333333333333334,14.083333333333334,13009.869999999999,7746.289999999998,21
5118,2023,5,21.0,8647.5,11.0,24281,0.49999999999999994,-0.8660254037844387,12.0,33.0,16.0,7.0,20.333333333333332,14.333333333333334,14.0,4920.16,8268.123333333331,21
5118,2023,6,7.0,2795.49,4.0,24282,1.2246467991473532e-16,-1.0,21.0,12.0,33.0,23.0,22.0,16.5,15.166666666666666,8647.5,8859.176666666664,21
5118,2023,7,22.0,9025.56,12.0,24283,-0.4999999999999997,-0.8660254037844388,7.0,21.0,12.0,13.0,13.333333333333334,16.333333333333332,13.833333333333334,2795.49,5454.383333333332,21
5118,2023,8,4.0,1656.01,3.0,24284,-0.8660254037844385,-0.5000000000000004,22.0,7.0,21.0,21.0,16.666666666666668,18.5,14.583333333333334,9025.56,6822.8499999999985,21
5118,2023,9,16.0,6842.37,8.0,24285,-1.0,-1.8369701987210297e-16,4.0,22.0,7.0,12.0,11.0,16.5,13.166666666666666,1656.01,4492.353333333332,21
5118,2023,10,12.0,5170.360000000001,8.0,24286,-0.8660254037844386,0.5000000000000001,16.0,4.0,22.0,6.0,14.0,13.666666666666666,13.5,6842.37,5841.313333333332,21
5118,2023,11,8.0,3354.65,3.0,24287,-0.5000000000000004,0.8660254037844384,12.0,16.0,4.0,8.0,10.666666666666666,13.666666666666666,14.0,5170.360000000001,4556.246666666666,21
5118,2023,12,26.0,10899.91,9.0,24288,-2.4492935982947064e-16,1.0,8.0,12.0,16.0,8.0,12.0,11.5,14.0,3354.65,5122.459999999999,21
5118,2024,1,3.0,1362.83,3.0,24289,0.49999999999999994,0.8660254037844387,26.0,8.0,12.0,9.0,15.333333333333334,14.666666666666666,15.5,10899.91,6474.973333333332,21
5118,2024,2,20.0,8897.07,13.0,24290,0.8660254037844386,0.5000000000000001,3.0,26.0,8.0,16.0,12.333333333333334,11.5,15.0,1362.83,5205.796666666666,21
5118,2024,3,8.0,3512.28,4.0,24291,1.0,6.123233995736766e-17,20.0,3.0,26.0,33.0,16.333333333333332,14.166666666666666,15.333333333333334,8897.07,7053.2699999999995,21
5118,2024,4,17.0,7606.3,8.0,24292,0.8660254037844387,-0.4999999999999998,8.0,20.0,3.0,12.0,10.333333333333334,12.833333333333334,13.25,3512.28,4590.726666666666,21
5118,2024,5,24.0,10786.17,12.0,24293,0.49999999999999994,-0.8660254037844387,17.0,8.0,20.0,21.0,15.0,13.666666666666666,13.666666666666666,7606.3,6671.883333333331,21
5118,2024,6,18.0,7794.610000000001,9.0,24294,1.2246467991473532e-16,-1.0,24.0,17.0,8.0,7.0,16.333333333333332,16.333333333333332,13.916666666666666,10786.17,7301.583333333332,21
5118,2024,7,18.0,8043.93,6.0,24295,-0.4999999999999997,-0.8660254037844388,18.0,24.0,17.0,22.0,19.666666666666668,15.0,14.833333333333334,7794.610000000001,8729.026666666667,21
5118,2024,8,12.0,5307.2,6.0,24296,-0.8660254037844385,-0.5000000000000004,18.0,18.0,24.0,4.0,20.0,17.5,14.5,8043.93,8874.903333333334,21
5118,2024,9,12.0,4919.41,7.0,24297,-1.0,-1.8369701987210297e-16,12.0,18.0,18.0,16.0,16.0,16.166666666666668,15.166666666666666,5307.2,7048.579999999999,21
5118,2024,10,17.0,7766.95,9.0,24298,-0.8660254037844386,0.5000000000000001,12.0,12.0,18.0,12.0,14.0,16.833333333333332,14.833333333333334,4919.41,6090.179999999999,21
5118,2024,11,7.0,3323.94,5.0,24299,-0.5000000000000004,0.8660254037844384,17.0,12.0,12.0,8.0,13.666666666666666,16.833333333333332,15.25,7766.95,5997.853333333333,21
5118,2024,12,31.0,12763.85,13.0,24300,-2.4492935982947064e-16,1.0,7.0,17.0,12.0,26.0,12.0,14.0,15.166666666666666,3323.94,5336.7666666666655,21
5118,2025,1,22.0,9747.58,12.0,24301,0.49999999999999994,0.8660254037844387,31.0,7.0,17.0,3.0,18.333333333333332,16.166666666666668,15.583333333333334,12763.85,7951.579999999999,21
5118,2025,2,23.0,10052.720000000001,10.0,24302,0.8660254037844386,0.5000000000000001,22.0,31.0,7.0,20.0,20.0,16.833333333333332,17.166666666666668,9747.58,8611.789999999999,21
5118,2025,3,17.0,6865.64,8.0,24303,1.0,6.123233995736766e-17,23.0,22.0,31.0,8.0,25.333333333333332,18.666666666666668,17.416666666666668,10052.720000000001,10854.716666666667,21
5118,2025,4,13.0,5944.59,7.0,24304,0.8660254037844387,-0.4999999999999998,17.0,23.0,22.0,17.0,20.666666666666668,19.5,18.166666666666668,6865.64,8888.646666666666,21
5118,2025,5,16.0,7272.49,9.0,24305,0.49999999999999994,-0.8660254037844387,13.0,17.0,23.0,24.0,17.666666666666668,18.833333333333332,17.833333333333332,5944.59,7620.983333333334,21
5118,2025,6,12.0,5707.3,8.0,24306,1.2246467991473532e-16,-1.0,16.0,13.0,17.0,18.0,15.333333333333334,20.333333333333332,17.166666666666668,7272.49,6694.239999999999,21
5118,2025,7,30.0,12923.220000000001,13.0,24307,-0.4999999999999997,-0.8660254037844388,12.0,16.0,13.0,18.0,13.666666666666666,17.166666666666668,16.666666666666668,5707.3,6308.126666666666,21
5118,2025,8,18.0,7882.82,5.0,24308,-0.8660254037844385,-0.5000000000000004,30.0,12.0,16.0,12.0,19.333333333333332,18.5,17.666666666666668,12923.220000000001,8634.336666666666,21
5118,2025,9,25.0,11001.99,8.0,24309,-1.0,-1.8369701987210297e-16,18.0,30.0,12.0,12.0,20.0,17.666666666666668,18.166666666666668,7882.82,8837.779999999999,21
5118,2025,10,21.0,9431.09,10.0,24310,-0.8660254037844386,0.5000000000000001,25.0,18.0,30.0,17.0,24.333333333333332,19.0,19.25,11001.99,10602.676666666666,21
5118,2025,11,9.0,4057.2000000000003,5.0,24311,-0.5000000000000004,0.8660254037844384,21.0,25.0,18.0,7.0,21.333333333333332,20.333333333333332,19.583333333333332,9431.09,9438.633333333331,21
5118,2025,12,20.0,8538.28,9.0,24312,-2.4492935982947064e-16,1.0,9.0,21.0,25.0,31.0,18.333333333333332,19.166666666666668,19.75,4057.2000000000003,8163.426666666665,21
5119,2021,1,8.0,2945.17,4.0,24253,0.49999999999999994,0.8660254037844387,0.0,0.0,0.0,0.0,0.0,0.0,0.0,0.0,0.0,22
5119,2021,2,6.0,2245.64,4.0,24254,0.8660254037844386,0.5000000000000001,8.0,0.0,0.0,0.0,0.0,0.0,0.0,2945.17,0.0,22
5119,2021,3,9.0,2869.45,3.0,24255,1.0,6.123233995736766e-17,6.0,8.0,0.0,0.0,0.0,0.0,0.0,2245.64,0.0,22
5119,2021,4,11.0,3515.51,4.0,24256,0.8660254037844387,-0.4999999999999998,9.0,6.0,8.0,0.0,7.666666666666667,0.0,0.0,2869.45,2686.753333333332,22
5119,2021,5,7.0,2299.11,2.0,24257,0.49999999999999994,-0.8660254037844387,11.0,9.0,6.0,0.0,8.666666666666666,0.0,0.0,3515.51,2876.8666666666654,22
5119,2021,6,11.0,3698.16,5.0,24258,1.2246467991473532e-16,-1.0,7.0,11.0,9.0,0.0,9.0,0.0,0.0,2299.11,2894.6899999999987,22
5119,2021,7,4.0,1407.9699999999998,2.0,24259,-0.4999999999999997,-0.8660254037844388,11.0,7.0,11.0,0.0,9.666666666666666,8.666666666666666,0.0,3698.16,3170.926666666665,22
5119,2021,8,4.0,1269.85,3.0,24260,-0.8660254037844385,-0.5000000000000004,4.0,11.0,7.0,0.0,7.333333333333333,8.0,0.0,1407.9699999999998,2468.413333333332,22
5119,2021,9,5.0,1559.48,1.0,24261,-1.0,-1.8369701987210297e-16,4.0,4.0,11.0,0.0,6.333333333333333,7.666666666666667,0.0,1269.85,2125.3266666666655,22
5119,2021,10,6.0,1871.38,1.0,24262,-0.8660254037844386,0.5000000000000001,5.0,4.0,4.0,0.0,4.333333333333333,7.0,0.0,1559.48,1412.4333333333318,22
5119,2021,11,11.0,3430.86,4.0,24263,-0.5000000000000004,0.8660254037844384,6.0,5.0,4.0,0.0,5.0,6.166666666666667,0.0,1871.38,1566.903333333332,22
5119,2021,12,8.0,2753.59,4.0,24264,-2.4492935982947064e-16,1.0,11.0,6.0,5.0,0.0,7.333333333333333,6.833333333333333,0.0,3430.86,2287.239999999999,22
5119,2022,1,19.0,6714.67,10.0,24265,0.49999999999999994,0.8660254037844387,8.0,11.0,6.0,8.0,8.333333333333334,6.333333333333333,7.5,2753.59,2685.2766666666653,22
5119,2022,2,10.0,3497.69,6.0,24266,0.8660254037844386,0.5000000000000001,19.0,8.0,11.0,6.0,12.666666666666666,8.833333333333334,8.416666666666666,6714.67,4299.706666666666,22
5119,2022,3,2.0,735.1700000000001,2.0,24267,1.0,6.123233995736766e-17,10.0,19.0,8.0,9.0,12.333333333333334,9.833333333333334,8.75,3497.69,4321.983333333333,22
5119,2022,4,21.0,7004.28,8.0,24268,0.8660254037844387,-0.4999999999999998,2.0,10.0,19.0,11.0,10.333333333333334,9.333333333333334,8.166666666666666,735.1700000000001,3649.176666666666,22
5119,2022,5,6.0,2094.16,3.0,24269,0.49999999999999994,-0.8660254037844387,21.0,2.0,10.0,7.0,11.0,11.833333333333334,9.0,7004.28,3745.713333333332,22
5119,2022,6,12.0,4210.59,5.0,24270,1.2246467991473532e-16,-1.0,6.0,21.0,2.0,11.0,9.666666666666666,11.0,8.916666666666666,2094.16,3277.8699999999985,22
5119,2022,7,8.0,3154.6099999999997,5.0,24271,-0.4999999999999997,-0.8660254037844388,12.0,6.0,21.0,4.0,13.0,11.666666666666666,9.0,4210.59,4436.343333333331,22
5119,2022,8,11.0,3965.54,4.0,24272,-0.8660254037844385,-0.5000000000000004,8.0,12.0,6.0,4.0,8.666666666666666,9.833333333333334,9.333333333333334,3154.6099999999997,3153.119999999999,22
5119,2022,9,8.0,2628.85,4.0,24273,-1.0,-1.8369701987210297e-16,11.0,8.0,12.0,5.0,10.333333333333334,10.0,9.916666666666666,3965.54,3776.913333333332,22
5119,2022,10,10.0,3386.31,6.0,24274,-0.8660254037844386,0.5000000000000001,8.0,11.0,8.0,6.0,9.0,11.0,10.166666666666666,2628.85,3249.6666666666656,22
5119,2022,11,15.0,5279.95,7.0,24275,-0.5000000000000004,0.8660254037844384,10.0,8.0,11.0,11.0,9.666666666666666,9.166666666666666,10.5,3386.31,3326.899999999999,22
5119,2022,12,7.0,2539.73,4.0,24276,-2.4492935982947064e-16,1.0,15.0,10.0,8.0,8.0,11.0,10.666666666666666,10.833333333333334,5279.95,3765.0366666666655,22
5119,2023,1,0.0,0.0,0.0,24277,0.49999999999999994,0.8660254037844387,7.0,15.0,10.0,19.0,10.666666666666666,9.833333333333334,10.75,2539.73,3735.3299999999986,22
5119,2023,2,7.0,2363.29,3.0,24278,0.8660254037844386,0.5000000000000001,0.0,7.0,15.0,10.0,7.333333333333333,8.5,9.166666666666666,0.0,2606.559999999999,22
5119,2023,3,5.0,1590.69,2.0,24279,1.0,6.123233995736766e-17,7.0,0.0,7.0,2.0,4.666666666666667,7.833333333333333,8.916666666666666,2363.29,1634.339999999999,22
5119,2023,4,9.0,3035.94,5.0,24280,0.8660254037844387,-0.4999999999999998,5.0,7.0,0.0,21.0,4.0,7.333333333333333,9.166666666666666,1590.69,1317.9933333333322,22
5119,2023,5,3.0,1181.6399999999999,2.0,24281,0.49999999999999994,-0.8660254037844387,9.0,5.0,7.0,6.0,7.0,7.166666666666667,8.166666666666666,3035.94,2329.973333333332,22
5119,2023,6,10.0,3544.99,6.0,24282,1.2246467991473532e-16,-1.0,3.0,9.0,5.0,12.0,5.666666666666667,5.166666666666667,7.916666666666667,1181.6399999999999,1936.089999999999,22
5119,2023,7,7.0,2322.3999999999996,3.0,24283,-0.4999999999999997,-0.8660254037844388,10.0,3.0,9.0,8.0,7.333333333333333,5.666666666666667,7.75,3544.99,2587.523333333332,22
5119,2023,8,9.0,2945.06,5.0,24284,-0.8660254037844385,-0.5000000000000004,7.0,10.0,3.0,11.0,6.666666666666667,6.833333333333333,7.666666666666667,2322.3999999999996,2349.676666666665,22
5119,2023,9,0.0,0.0,0.0,24285,-1.0,-1.8369701987210297e-16,9.0,7.0,10.0,8.0,8.666666666666666,7.166666666666667,7.5,2945.06,2937.483333333332,22
5119,2023,10,7.0,2404.2,4.0,24286,-0.8660254037844386,0.5000000000000001,0.0,9.0,7.0,10.0,5.333333333333333,6.333333333333333,6.833333333333333,0.0,1755.8199999999988,22
5119,2023,11,8.0,2613.29,3.0,24287,-0.5000000000000004,0.8660254037844384,7.0,0.0,9.0,15.0,5.333333333333333,6.0,6.583333333333333,2404.2,1783.0866666666655,22
5119,2023,12,26.0,9139.65,10.0,24288,-2.4492935982947064e-16,1.0,8.0,7.0,0.0,7.0,5.0,6.833333333333333,6.0,2613.29,1672.4966666666653,22
5119,2024,1,0.0,0.0,0.0,24289,0.49999999999999994,0.8660254037844387,26.0,8.0,7.0,0.0,13.666666666666666,9.5,7.583333333333333,9139.65,4719.046666666665,22
5119,2024,2,16.0,4070.07,7.0,24290,0.8660254037844386,0.5000000000000001,0.0,26.0,8.0,7.0,11.333333333333334,8.333333333333334,7.583333333333333,0.0,3917.646666666665,22
5119,2024,3,12.0,4172.0,4.0,24291,1.0,6.123233995736766e-17,16.0,0.0,26.0,5.0,14.0,9.5,8.333333333333334,4070.07,4403.239999999999,22
5119,2024,4,14.0,5001.8,5.0,24292,0.8660254037844387,-0.4999999999999998,12.0,16.0,0.0,9.0,9.333333333333334,11.5,8.916666666666666,4172.0,2747.356666666665,22
5119,2024,5,7.0,2507.8199999999997,4.0,24293,0.49999999999999994,-0.8660254037844387,14.0,12.0,16.0,3.0,14.0,12.666666666666666,9.333333333333334,5001.8,4414.623333333332,22
5119,2024,6,11.0,3968.04,5.0,24294,1.2246467991473532e-16,-1.0,7.0,14.0,12.0,10.0,11.0,12.5,9.666666666666666,2507.8199999999997,3893.8733333333316,22
5119,2024,7,7.0,2688.63,3.0,24295,-0.4999999999999997,-0.8660254037844388,11.0,7.0,14.0,7.0,10.666666666666666,10.0,9.75,3968.04,3825.8866666666654,22
5119,2024,8,16.0,5516.29,5.0,24296,-0.8660254037844385,-0.5000000000000004,7.0,11.0,7.0,9.0,8.333333333333334,11.166666666666666,9.75,2688.63,3054.8299999999986,22
5119,2024,9,19.0,7046.07,8.0,24297,-1.0,-1.8369701987210297e-16,16.0,7.0,11.0,0.0,11.333333333333334,11.166666666666666,10.333333333333334,5516.29,4057.653333333332,22
5119,2024,10,13.0,4598.51,8.0,24298,-0.8660254037844386,0.5000000000000001,19.0,16.0,7.0,7.0,14.0,12.333333333333334,11.916666666666666,7046.07,5083.663333333331,22
5119,2024,11,15.0,5168.66,7.0,24299,-0.5000000000000004,0.8660254037844384,13.0,19.0,16.0,8.0,16.0,12.166666666666666,12.416666666666666,4598.51,5720.289999999998,22
5119,2024,12,17.0,5993.75,10.0,24300,-2.4492935982947064e-16,1.0,15.0,13.0,19.0,26.0,15.666666666666666,13.5,13.0,5168.66,5604.413333333331,22
5119,2025,1,2.0,756.48,2.0,24301,0.49999999999999994,0.8660254037844387,17.0,15.0,13.0,0.0,15.0,14.5,12.25,5993.75,5253.6399999999985,22
5119,2025,2,15.0,5390.12,10.0,24302,0.8660254037844386,0.5000000000000001,2.0,17.0,15.0,16.0,11.333333333333334,13.666666666666666,12.416666666666666,756.48,3972.9633333333327,22
5119,2025,3,2.0,803.81,2.0,24303,1.0,6.123233995736766e-17,15.0,2.0,17.0,12.0,11.333333333333334,13.5,12.333333333333334,5390.12,4046.7833333333315,22
5119,2025,4,10.0,3730.54,5.0,24304,0.8660254037844387,-0.4999999999999998,2.0,15.0,2.0,14.0,6.333333333333333,10.666666666666666,11.5,803.81,2316.803333333332,22
5119,2025,5,9.0,2775.4100000000003,6.0,24305,0.49999999999999994,-0.8660254037844387,10.0,2.0,15.0,7.0,9.0,10.166666666666666,11.166666666666666,3730.54,3308.1566666666654,22
5119,2025,6,12.0,4680.91,4.0,24306,1.2246467991473532e-16,-1.0,9.0,10.0,2.0,11.0,7.0,9.166666666666666,11.333333333333334,2775.4100000000003,2436.586666666665,22
5119,2025,7,15.0,5271.92,6.0,24307,-0.4999999999999997,-0.8660254037844388,12.0,9.0,10.0,7.0,10.333333333333334,8.333333333333334,11.416666666666666,4680.91,3728.9533333333316,22
5119,2025,8,13.0,4094.6200000000003,6.0,24308,-0.8660254037844385,-0.5000000000000004,15.0,12.0,9.0,16.0,12.0,10.5,12.083333333333334,5271.92,4242.746666666665,22
5119,2025,9,4.0,1465.75,2.0,24309,-1.0,-1.8369701987210297e-16,13.0,15.0,12.0,19.0,13.333333333333334,10.166666666666666,11.833333333333334,4094.6200000000003,4682.483333333332,22
5119,2025,10,9.0,3451.57,5.0,24310,-0.8660254037844386,0.5000000000000001,4.0,13.0,15.0,13.0,10.666666666666666,10.5,10.583333333333334,1465.75,3610.7633333333324,22
5119,2025,11,10.0,3470.48,5.0,24311,-0.5000000000000004,0.8660254037844384,9.0,4.0,13.0,15.0,8.666666666666666,10.333333333333334,10.25,3451.57,3003.979999999998,22
5119,2025,12,12.0,4227.0,8.0,24312,-2.4492935982947064e-16,1.0,10.0,9.0,4.0,17.0,7.666666666666667,10.5,9.833333333333334,3470.48,2795.933333333332,22
5381,2021,1,0.0,0.0,0.0,24253,0.49999999999999994,0.8660254037844387,0.0,0.0,0.0,0.0,0.0,0.0,0.0,0.0,0.0,23
5381,2021,2,0.0,0.0,0.0,24254,0.8660254037844386,0.5000000000000001,0.0,0.0,0.0,0.0,0.0,0.0,0.0,0.0,0.0,23
5381,2021,3,0.0,0.0,0.0,24255,1.0,6.123233995736766e-17,0.0,0.0,0.0,0.0,0.0,0.0,0.0,0.0,0.0,23
5381,2021,4,0.0,0.0,0.0,24256,0.8660254037844387,-0.4999999999999998,0.0,0.0,0.0,0.0,0.0,0.0,0.0,0.0,0.0,23
5381,2021,5,0.0,0.0,0.0,24257,0.49999999999999994,-0.8660254037844387,0.0,0.0,0.0,0.0,0.0,0.0,0.0,0.0,0.0,23
5381,2021,6,0.0,0.0,0.0,24258,1.2246467991473532e-16,-1.0,0.0,0.0,0.0,0.0,0.0,0.0,0.0,0.0,0.0,23
5381,2021,7,0.0,0.0,0.0,24259,-0.4999999999999997,-0.8660254037844388,0.0,0.0,0.0,0.0,0.0,0.0,0.0,0.0,0.0,23
5381,2021,8,0.0,0.0,0.0,24260,-0.8660254037844385,-0.5000000000000004,0.0,0.0,0.0,0.0,0.0,0.0,0.0,0.0,0.0,23
5381,2021,9,0.0,0.0,0.0,24261,-1.0,-1.8369701987210297e-16,0.0,0.0,0.0,0.0,0.0,0.0,0.0,0.0,0.0,23
5381,2021,10,0.0,0.0,0.0,24262,-0.8660254037844386,0.5000000000000001,0.0,0.0,0.0,0.0,0.0,0.0,0.0,0.0,0.0,23
5381,2021,11,0.0,0.0,0.0,24263,-0.5000000000000004,0.8660254037844384,0.0,0.0,0.0,0.0,0.0,0.0,0.0,0.0,0.0,23
5381,2021,12,0.0,0.0,0.0,24264,-2.4492935982947064e-16,1.0,0.0,0.0,0.0,0.0,0.0,0.0,0.0,0.0,0.0,23
5381,2022,1,0.0,0.0,0.0,24265,0.49999999999999994,0.8660254037844387,0.0,0.0,0.0,0.0,0.0,0.0,0.0,0.0,0.0,23
5381,2022,2,0.0,0.0,0.0,24266,0.8660254037844386,0.5000000000000001,0.0,0.0,0.0,0.0,0.0,0.0,0.0,0.0,0.0,23
5381,2022,3,0.0,0.0,0.0,24267,1.0,6.123233995736766e-17,0.0,0.0,0.0,0.0,0.0,0.0,0.0,0.0,0.0,23
5381,2022,4,0.0,0.0,0.0,24268,0.8660254037844387,-0.4999999999999998,0.0,0.0,0.0,0.0,0.0,0.0,0.0,0.0,0.0,23
5381,2022,5,0.0,0.0,0.0,24269,0.49999999999999994,-0.8660254037844387,0.0,0.0,0.0,0.0,0.0,0.0,0.0,0.0,0.0,23
5381,2022,6,0.0,0.0,0.0,24270,1.2246467991473532e-16,-1.0,0.0,0.0,0.0,0.0,0.0,0.0,0.0,0.0,0.0,23
5381,2022,7,0.0,0.0,0.0,24271,-0.4999999999999997,-0.8660254037844388,0.0,0.0,0.0,0.0,0.0,0.0,0.0,0.0,0.0,23
5381,2022,8,0.0,0.0,0.0,24272,-0.8660254037844385,-0.5000000000000004,0.0,0.0,0.0,0.0,0.0,0.0,0.0,0.0,0.0,23
5381,2022,9,0.0,0.0,0.0,24273,-1.0,-1.8369701987210297e-16,0.0,0.0,0.0,0.0,0.0,0.0,0.0,0.0,0.0,23
5381,2022,10,0.0,0.0,0.0,24274,-0.8660254037844386,0.5000000000000001,0.0,0.0,0.0,0.0,0.0,0.0,0.0,0.0,0.0,23
5381,2022,11,0.0,0.0,0.0,24275,-0.5000000000000004,0.8660254037844384,0.0,0.0,0.0,0.0,0.0,0.0,0.0,0.0,0.0,23
5381,2022,12,0.0,0.0,0.0,24276,-2.4492935982947064e-16,1.0,0.0,0.0,0.0,0.0,0.0,0.0,0.0,0.0,0.0,23
5381,2023,1,0.0,0.0,0.0,24277,0.49999999999999994,0.8660254037844387,0.0,0.0,0.0,0.0,0.0,0.0,0.0,0.0,0.0,23
5381,2023,2,0.0,0.0,0.0,24278,0.8660254037844386,0.5000000000000001,0.0,0.0,0.0,0.0,0.0,0.0,0.0,0.0,0.0,23
5381,2023,3,0.0,0.0,0.0,24279,1.0,6.123233995736766e-17,0.0,0.0,0.0,0.0,0.0,0.0,0.0,0.0,0.0,23
5381,2023,4,0.0,0.0,0.0,24280,0.8660254037844387,-0.4999999999999998,0.0,0.0,0.0,0.0,0.0,0.0,0.0,0.0,0.0,23
5381,2023,5,0.0,0.0,0.0,24281,0.49999999999999994,-0.8660254037844387,0.0,0.0,0.0,0.0,0.0,0.0,0.0,0.0,0.0,23
5381,2023,6,0.0,0.0,0.0,24282,1.2246467991473532e-16,-1.0,0.0,0.0,0.0,0.0,0.0,0.0,0.0,0.0,0.0,23
5381,2023,7,0.0,0.0,0.0,24283,-0.4999999999999997,-0.8660254037844388,0.0,0.0,0.0,0.0,0.0,0.0,0.0,0.0,0.0,23
5381,2023,8,0.0,0.0,0.0,24284,-0.8660254037844385,-0.5000000000000004,0.0,0.0,0.0,0.0,0.0,0.0,0.0,0.0,0.0,23
5381,2023,9,0.0,0.0,0.0,24285,-1.0,-1.8369701987210297e-16,0.0,0.0,0.0,0.0,0.0,0.0,0.0,0.0,0.0,23
5381,2023,10,0.0,0.0,0.0,24286,-0.8660254037844386,0.5000000000000001,0.0,0.0,0.0,0.0,0.0,0.0,0.0,0.0,0.0,23
5381,2023,11,3.0,691.59,1.0,24287,-0.5000000000000004,0.8660254037844384,0.0,0.0,0.0,0.0,0.0,0.0,0.0,0.0,0.0,23
5381,2023,12,3.0,691.59,1.0,24288,-2.4492935982947064e-16,1.0,3.0,0.0,0.0,0.0,1.0,0.5,0.25,691.59,230.5299999999985,23
5381,2024,1,2.0,479.7,1.0,24289,0.49999999999999994,0.8660254037844387,3.0,3.0,0.0,0.0,2.0,1.0,0.5,691.59,461.0599999999985,23
5381,2024,2,0.0,0.0,0.0,24290,0.8660254037844386,0.5000000000000001,2.0,3.0,3.0,0.0,2.6666666666666665,1.3333333333333333,0.6666666666666666,479.7,620.9599999999986,23
5381,2024,3,12.0,3426.37,5.0,24291,1.0,6.123233995736766e-17,0.0,2.0,3.0,0.0,1.6666666666666667,1.3333333333333333,0.6666666666666666,0.0,390.4299999999985,23
5381,2024,4,0.0,0.0,0.0,24292,0.8660254037844387,-0.4999999999999998,12.0,0.0,2.0,0.0,4.666666666666667,3.3333333333333335,1.6666666666666667,3426.37,1302.0233333333317,23
5381,2024,5,4.0,1062.18,3.0,24293,0.49999999999999994,-0.8660254037844387,0.0,12.0,0.0,0.0,4.0,3.3333333333333335,1.6666666666666667,0.0,1142.1233333333319,23
5381,2024,6,2.0,565.36,2.0,24294,1.2246467991473532e-16,-1.0,4.0,0.0,12.0,0.0,5.333333333333333,3.5,2.0,1062.18,1496.1833333333318,23
5381,2024,7,8.0,2158.62,3.0,24295,-0.4999999999999997,-0.8660254037844388,2.0,4.0,0.0,0.0,2.0,3.3333333333333335,2.1666666666666665,565.36,542.5133333333318,23
5381,2024,8,3.0,897.73,2.0,24296,-0.8660254037844385,-0.5000000000000004,8.0,2.0,4.0,0.0,4.666666666666667,4.333333333333333,2.8333333333333335,2158.62,1262.0533333333317,23
5381,2024,9,1.0,308.38,1.0,24297,-1.0,-1.8369701987210297e-16,3.0,8.0,2.0,0.0,4.333333333333333,4.833333333333333,3.0833333333333335,897.73,1207.236666666665,23
5381,2024,10,10.0,2398.46,2.0,24298,-0.8660254037844386,0.5000000000000001,1.0,3.0,8.0,0.0,4.0,3.0,3.1666666666666665,308.38,1121.5766666666652,23
5381,2024,11,3.0,702.1000000000001,11.0,24299,-0.5000000000000004,0.8660254037844384,10.0,1.0,3.0,3.0,4.666666666666667,4.666666666666667,4.0,2398.46,1201.523333333332,23
5381,2024,12,2.0,582.47,1.0,24300,-2.4492935982947064e-16,1.0,3.0,10.0,1.0,3.0,4.666666666666667,4.5,4.0,702.1000000000001,1136.313333333332,23
5381,2025,1,7.0,1852.26,3.0,24301,0.49999999999999994,0.8660254037844387,2.0,3.0,10.0,2.0,5.0,4.5,3.9166666666666665,582.47,1227.6766666666651,23
5381,2025,2,9.0,2568.64,6.0,24302,0.8660254037844386,0.5000000000000001,7.0,2.0,3.0,0.0,4.0,4.333333333333333,4.333333333333333,1852.26,1045.6099999999985,23
5381,2025,3,16.0,4501.3099999999995,9.0,24303,1.0,6.123233995736766e-17,9.0,7.0,2.0,12.0,6.0,5.333333333333333,5.083333333333333,2568.64,1667.7899999999984,23
5381,2025,4,13.0,3648.59,5.0,24304,0.8660254037844387,-0.4999999999999998,16.0,9.0,7.0,0.0,10.666666666666666,7.833333333333333,5.416666666666667,4501.3099999999995,2974.0699999999983,23
5381,2025,5,9.0,2362.5,3.0,24305,0.49999999999999994,-0.8660254037844387,13.0,16.0,9.0,4.0,12.666666666666666,8.333333333333334,6.5,3648.59,3572.846666666665,23
5381,2025,6,3.0,733.91,1.0,24306,1.2246467991473532e-16,-1.0,9.0,13.0,16.0,2.0,12.666666666666666,9.333333333333334,6.916666666666667,2362.5,3504.1333333333314,23
5381,2025,7,6.0,1873.19,5.0,24307,-0.4999999999999997,-0.8660254037844388,3.0,9.0,13.0,8.0,8.333333333333334,9.5,7.0,733.91,2248.3333333333317,23
5381,2025,8,2.0,629.0699999999999,2.0,24308,-0.8660254037844385,-0.5000000000000004,6.0,3.0,9.0,3.0,6.0,9.333333333333334,6.833333333333333,1873.19,1656.5333333333317,23
5381,2025,9,3.0,859.73,1.0,24309,-1.0,-1.8369701987210297e-16,2.0,6.0,3.0,1.0,3.6666666666666665,8.166666666666666,6.75,629.0699999999999,1078.7233333333318,23
5381,2025,10,16.0,4333.55,6.0,24310,-0.8660254037844386,0.5000000000000001,3.0,2.0,6.0,10.0,3.6666666666666665,6.0,6.916666666666667,859.73,1120.6633333333318,23
5381,2025,11,2.0,587.12,1.0,24311,-0.5000000000000004,0.8660254037844384,16.0,3.0,2.0,3.0,7.0,6.5,7.416666666666667,4333.55,1940.7833333333317,23
5381,2025,12,10.0,2795.85,5.0,24312,-2.4492935982947064e-16,1.0,2.0,16.0,3.0,2.0,7.0,5.333333333333333,7.333333333333333,587.12,1926.7999999999986,23
5382,2021,1,0.0,0.0,0.0,24253,0.49999999999999994,0.8660254037844387,0.0,0.0,0.0,0.0,0.0,0.0,0.0,0.0,0.0,24
5382,2021,2,0.0,0.0,0.0,24254,0.8660254037844386,0.5000000000000001,0.0,0.0,0.0,0.0,0.0,0.0,0.0,0.0,0.0,24
5382,2021,3,0.0,0.0,0.0,24255,1.0,6.123233995736766e-17,0.0,0.0,0.0,0.0,0.0,0.0,0.0,0.0,0.0,24
5382,2021,4,0.0,0.0,0.0,24256,0.8660254037844387,-0.4999999999999998,0.0,0.0,0.0,0.0,0.0,0.0,0.0,0.0,0.0,24
5382,2021,5,0.0,0.0,0.0,24257,0.49999999999999994,-0.8660254037844387,0.0,0.0,0.0,0.0,0.0,0.0,0.0,0.0,0.0,24
5382,2021,6,0.0,0.0,0.0,24258,1.2246467991473532e-16,-1.0,0.0,0.0,0.0,0.0,0.0,0.0,0.0,0.0,0.0,24
5382,2021,7,0.0,0.0,0.0,24259,-0.4999999999999997,-0.8660254037844388,0.0,0.0,0.0,0.0,0.0,0.0,0.0,0.0,0.0,24
5382,2021,8,0.0,0.0,0.0,24260,-0.8660254037844385,-0.5000000000000004,0.0,0.0,0.0,0.0,0.0,0.0,0.0,0.0,0.0,24
5382,2021,9,0.0,0.0,0.0,24261,-1.0,-1.8369701987210297e-16,0.0,0.0,0.0,0.0,0.0,0.0,0.0,0.0,0.0,24
5382,2021,10,0.0,0.0,0.0,24262,-0.8660254037844386,0.5000000000000001,0.0,0.0,0.0,0.0,0.0,0.0,0.0,0.0,0.0,24
5382,2021,11,0.0,0.0,0.0,24263,-0.5000000000000004,0.8660254037844384,0.0,0.0,0.0,0.0,0.0,0.0,0.0,0.0,0.0,24
5382,2021,12,0.0,0.0,0.0,24264,-2.4492935982947064e-16,1.0,0.0,0.0,0.0,0.0,0.0,0.0,0.0,0.0,0.0,24
5382,2022,1,0.0,0.0,0.0,24265,0.49999999999999994,0.8660254037844387,0.0,0.0,0.0,0.0,0.0,0.0,0.0,0.0,0.0,24
5382,2022,2,0.0,0.0,0.0,24266,0.8660254037844386,0.5000000000000001,0.0,0.0,0.0,0.0,0.0,0.0,0.0,0.0,0.0,24
5382,2022,3,0.0,0.0,0.0,24267,1.0,6.123233995736766e-17,0.0,0.0,0.0,0.0,0.0,0.0,0.0,0.0,0.0,24
5382,2022,4,0.0,0.0,0.0,24268,0.8660254037844387,-0.4999999999999998,0.0,0.0,0.0,0.0,0.0,0.0,0.0,0.0,0.0,24
5382,2022,5,0.0,0.0,0.0,24269,0.49999999999999994,-0.8660254037844387,0.0,0.0,0.0,0.0,0.0,0.0,0.0,0.0,0.0,24
5382,2022,6,0.0,0.0,0.0,24270,1.2246467991473532e-16,-1.0,0.0,0.0,0.0,0.0,0.0,0.0,0.0,0.0,0.0,24
5382,2022,7,0.0,0.0,0.0,24271,-0.4999999999999997,-0.8660254037844388,0.0,0.0,0.0,0.0,0.0,0.0,0.0,0.0,0.0,24
5382,2022,8,0.0,0.0,0.0,24272,-0.8660254037844385,-0.5000000000000004,0.0,0.0,0.0,0.0,0.0,0.0,0.0,0.0,0.0,24
5382,2022,9,0.0,0.0,0.0,24273,-1.0,-1.8369701987210297e-16,0.0,0.0,0.0,0.0,0.0,0.0,0.0,0.0,0.0,24
5382,2022,10,0.0,0.0,0.0,24274,-0.8660254037844386,0.5000000000000001,0.0,0.0,0.0,0.0,0.0,0.0,0.0,0.0,0.0,24
5382,2022,11,0.0,0.0,0.0,24275,-0.5000000000000004,0.8660254037844384,0.0,0.0,0.0,0.0,0.0,0.0,0.0,0.0,0.0,24
5382,2022,12,0.0,0.0,0.0,24276,-2.4492935982947064e-16,1.0,0.0,0.0,0.0,0.0,0.0,0.0,0.0,0.0,0.0,24
5382,2023,1,2.0,1585.51,1.0,24277,0.49999999999999994,0.8660254037844387,0.0,0.0,0.0,0.0,0.0,0.0,0.0,0.0,0.0,24
5382,2023,2,0.0,0.0,0.0,24278,0.8660254037844386,0.5000000000000001,2.0,0.0,0.0,0.0,0.6666666666666666,0.3333333333333333,0.16666666666666666,1585.51,528.5033333333319,24
5382,2023,3,0.0,0.0,0.0,24279,1.0,6.123233995736766e-17,0.0,2.0,0.0,0.0,0.6666666666666666,0.3333333333333333,0.16666666666666666,0.0,528.5033333333319,24
5382,2023,4,0.0,0.0,0.0,24280,0.8660254037844387,-0.4999999999999998,0.0,0.0,2.0,0.0,0.6666666666666666,0.3333333333333333,0.16666666666666666,0.0,528.5033333333319,24
5382,2023,5,0.0,0.0,0.0,24281,0.49999999999999994,-0.8660254037844387,0.0,0.0,0.0,0.0,0.0,0.3333333333333333,0.16666666666666666,0.0,0.0,24
5382,2023,6,0.0,0.0,0.0,24282,1.2246467991473532e-16,-1.0,0.0,0.0,0.0,0.0,0.0,0.3333333333333333,0.16666666666666666,0.0,0.0,24
5382,2023,7,0.0,0.0,0.0,24283,-0.4999999999999997,-0.8660254037844388,0.0,0.0,0.0,0.0,0.0,0.3333333333333333,0.16666666666666666,0.0,0.0,24
5382,2023,8,0.0,0.0,0.0,24284,-0.8660254037844385,-0.5000000000000004,0.0,0.0,0.0,0.0,0.0,0.0,0.16666666666666666,0.0,0.0,24
5382,2023,9,0.0,0.0,0.0,24285,-1.0,-1.8369701987210297e-16,0.0,0.0,0.0,0.0,0.0,0.0,0.16666666666666666,0.0,0.0,24
5382,2023,10,0.0,0.0,0.0,24286,-0.8660254037844386,0.5000000000000001,0.0,0.0,0.0,0.0,0.0,0.0,0.16666666666666666,0.0,0.0,24
5382,2023,11,5.0,4459.27,3.0,24287,-0.5000000000000004,0.8660254037844384,0.0,0.0,0.0,0.0,0.0,0.0,0.16666666666666666,0.0,0.0,24
5382,2023,12,1.0,812.57,1.0,24288,-2.4492935982947064e-16,1.0,5.0,0.0,0.0,0.0,1.6666666666666667,0.8333333333333334,0.5833333333333334,4459.27,1486.423333333332,24
5382,2024,1,4.0,3608.46,3.0,24289,0.49999999999999994,0.8660254037844387,1.0,5.0,0.0,2.0,2.0,1.0,0.6666666666666666,812.57,1757.2799999999986,24
5382,2024,2,35.0,12227.53,10.0,24290,0.8660254037844386,0.5000000000000001,4.0,1.0,5.0,0.0,3.3333333333333335,1.6666666666666667,0.8333333333333334,3608.46,2960.0999999999985,24
5382,2024,3,27.0,19980.57,7.0,24291,1.0,6.123233995736766e-17,35.0,4.0,1.0,0.0,13.333333333333334,7.5,3.75,12227.53,5549.5199999999995,24
5382,2024,4,47.0,35105.09,14.0,24292,0.8660254037844387,-0.4999999999999998,27.0,35.0,4.0,0.0,22.0,12.0,6.0,19980.57,11938.853333333333,24
5382,2024,5,15.0,12928.59,8.0,24293,0.49999999999999994,-0.8660254037844387,47.0,27.0,35.0,0.0,36.333333333333336,19.833333333333332,9.916666666666666,35105.09,22437.73,24
5382,2024,6,8.0,6412.76,4.0,24294,1.2246467991473532e-16,-1.0,15.0,47.0,27.0,0.0,29.666666666666668,21.5,11.166666666666666,12928.59,22671.416666666668,24
5382,2024,7,11.0,7938.65,5.0,24295,-0.4999999999999997,-0.8660254037844388,8.0,15.0,47.0,0.0,23.333333333333332,22.666666666666668,11.833333333333334,6412.76,18148.813333333328,24
5382,2024,8,5.0,4340.45,5.0,24296,-0.8660254037844385,-0.5000000000000004,11.0,8.0,15.0,0.0,11.333333333333334,23.833333333333332,12.75,7938.65,9093.33333333333,24
5382,2024,9,3.0,2577.47,2.0,24297,-1.0,-1.8369701987210297e-16,5.0,11.0,8.0,0.0,8.0,18.833333333333332,13.166666666666666,4340.45,6230.619999999998,24
5382,2024,10,3.0,2814.6,3.0,24298,-0.8660254037844386,0.5000000000000001,3.0,5.0,11.0,0.0,6.333333333333333,14.833333333333334,13.416666666666666,2577.47,4952.189999999998,24
5382,2024,11,11.0,9072.720000000001,5.0,24299,-0.5000000000000004,0.8660254037844384,3.0,3.0,5.0,5.0,3.6666666666666665,7.5,13.666666666666666,2814.6,3244.173333333331,24
5382,2024,12,9.0,6948.849999999999,5.0,24300,-2.4492935982947064e-16,1.0,11.0,3.0,3.0,1.0,5.666666666666667,6.833333333333333,14.166666666666666,9072.720000000001,4821.5966666666645,24
5382,2025,1,4.0,3312.6,3.0,24301,0.49999999999999994,0.8660254037844387,9.0,11.0,3.0,4.0,7.666666666666667,7.0,14.833333333333334,6948.849999999999,6278.7233333333315,24
5382,2025,2,21.0,17309.62,10.0,24302,0.8660254037844386,0.5000000000000001,4.0,9.0,11.0,35.0,8.0,5.833333333333333,14.833333333333334,3312.6,6444.7233333333315,24
5382,2025,3,10.0,8460.54,8.0,24303,1.0,6.123233995736766e-17,21.0,4.0,9.0,27.0,11.333333333333334,8.5,13.666666666666666,17309.62,9190.356666666665,24
5382,2025,4,18.0,14207.33,10.0,24304,0.8660254037844387,-0.4999999999999998,10.0,21.0,4.0,47.0,11.666666666666666,9.666666666666666,12.25,8460.54,9694.253333333332,24
5382,2025,5,31.0,23461.56,12.0,24305,0.49999999999999994,-0.8660254037844387,18.0,10.0,21.0,15.0,16.333333333333332,12.166666666666666,9.833333333333334,14207.33,13325.829999999996,24
5382,2025,6,15.0,12745.62,7.0,24306,1.2246467991473532e-16,-1.0,31.0,18.0,10.0,8.0,19.666666666666668,15.5,11.166666666666666,23461.56,15376.476666666664,24
5382,2025,7,12.0,9937.78,6.0,24307,-0.4999999999999997,-0.8660254037844388,15.0,31.0,18.0,11.0,21.333333333333332,16.5,11.75,12745.62,16804.836666666666,24
5382,2025,8,5.0,4332.7,3.0,24308,-0.8660254037844385,-0.5000000000000004,12.0,15.0,31.0,5.0,19.333333333333332,17.833333333333332,11.833333333333334,9937.78,15381.65333333333,24
5382,2025,9,20.0,15732.22,9.0,24309,-1.0,-1.8369701987210297e-16,5.0,12.0,15.0,3.0,10.666666666666666,15.166666666666666,11.833333333333334,4332.7,9005.366666666667,24
5382,2025,10,5.0,4416.82,3.0,24310,-0.8660254037844386,0.5000000000000001,20.0,5.0,12.0,3.0,12.333333333333334,16.833333333333332,13.25,15732.22,10000.9,24
5382,2025,11,26.0,20327.77,9.0,24311,-0.5000000000000004,0.8660254037844384,5.0,20.0,5.0,11.0,10.0,14.666666666666666,13.416666666666666,4416.82,8160.579999999999,24
5382,2025,12,28.0,20569.600000000002,8.0,24312,-2.4492935982947064e-16,1.0,26.0,5.0,20.0,9.0,17.0,13.833333333333334,14.666666666666666,20327.77,13492.269999999999,24
